Virus name	Accession ID	Collection date	Location	Host	Passage	Specimen	Additional host information	Sequencing technology	Assembly method	Comment	Comment type	Lineage	Clade	AA Substitutions	Continent	Country	Region	City	Latitude	Longitude	ID
hCoV-19/Belgium/Jessa_11-2312-000761LKO/2023	EPI_ISL_17276499	2023-03-20	Europe / Belgium / Limburg	Human	Original			Illumina MiSeq		Gap of 27 nucleotides when compared to the reference WIV04 sequence.	info	CH.1.1	GRA	(NSP5_P132H,NSP12_G671S,NSP3_G489S,Spike_L24del,NSP4_T327I,Spike_S373P,Spike_N969K,Spike_H655Y,N_R203K,Spike_V213G,Spike_W152R,Spike_G142D,NSP3_Q380K,NSP14_V182I,Spike_A27S,Spike_Q954H,N_P13L,Spike_P25del,Spike_V1129I,N_R32del,NS3_T223I,Spike_T19I,M_Q19E,Spike_N440K,NSP4_T492I,Spike_N460K,Spike_F157L,NSP3_S403L,Spike_K147E,Spike_N679K,Spike_N764K,E_T11A,NSP6_G107del,NSP16_Q28R,Spike_D796Y,N_G204R,N_S413R,M_A63T,Spike_R346T,Spike_S371F,Spike_G257S,NSP13_R392C,Spike_K417N,Spike_T376A,NSP6_S106del,Spike_I210V,Spike_R408S,NSP4_L438F,Spike_G339H,NSP14_I42V,NSP4_L264F,Spike_P681H,NSP3_T24I,N_S33del,NSP1_S135R,Spike_S375F,Spike_D405N,Spike_G446S,N_E31del,NSP15_T112I,NSP6_F108del,E_T9I,Spike_K444T,Spike_P26del,NSP12_P323L,Spike_D614G,Spike_L452R,NSP8_N118S,NSP3_P822S,NSP3_A534V,NSP9_V85M)	Europe	Belgium	Limburg		50.9977937	5.445357520264672	hCoV-19/Belgium/Jessa_11-2312-000761LKO/2023|EPI_ISL_17276499|2023-03-20
hCoV-19/Italy/UMB-LAOP-112-2-29/2023	EPI_ISL_17285457	2023-03-20	Europe / Italy / Umbria	Human	Original			Illumina MiSeq		Gap of 4 nucleotide(s) found at refpos 27758 (Frameshift confirmed by the submitter). Gap of 63 nucleotides when compared to the reference WIV04 sequence.	info	BQ.1.1	GRA	(NSP5_P132H,Spike_H69del,NSP3_G489S,Spike_L24del,NSP4_T327I,Spike_S373P,Spike_N969K,Spike_H655Y,N_R203K,Spike_V213G,Spike_G142D,Spike_A27S,Spike_Q954H,N_P13L,Spike_N501Y,Spike_P25del,N_R32del,NS3_T223I,Spike_T19I,M_Q19E,Spike_N440K,NSP4_T492I,Spike_N460K,N_E136D,M_D3N,Spike_N679K,Spike_N764K,NSP3_I1894V,NSP6_G107del,Spike_Y505H,NSP13_N268S,Spike_D796Y,N_G204R,Spike_T478K,N_S413R,NSP6_L260F,M_A63T,Spike_R346T,NSP2_Q376K,NSP14_D30G,Spike_S371F,NSP13_R392C,Spike_K417N,Spike_F486V,Spike_T376A,NSP6_S106del,Spike_G339D,Spike_R408S,NSP14_I42V,NSP4_L264F,Spike_P681H,NSP13_M233I,NSP3_T24I,N_S33del,NSP1_S135R,Spike_S375F,Spike_D405N,Spike_Q498R,Spike_S477N,Spike_Y248D,N_E31del,NSP12_Y273H,NSP15_T112I,NSP6_F108del,Spike_E484A,E_T9I,Spike_K444T,Spike_V70del,Spike_P26del,NSP12_P323L,Spike_D614G,Spike_L452R)	Europe	Italy	Umbria		42.965916	12.490236	hCoV-19/Italy/UMB-LAOP-112-2-29/2023|EPI_ISL_17285457|2023-03-20
hCoV-19/Germany/NI-RKI-I-1126074/2023	EPI_ISL_17297216	2023-03-20	Europe / Germany / Lower Saxony	Human	Original	Upper respiratory swab sample		Illumina		Gap of 27 nucleotides when compared to the reference WIV04 sequence.	info	CH.1.1.3	GRA	(NSP5_P132H,NSP12_G671S,NSP3_G489S,Spike_L24del,NSP5_L75I,NSP4_T327I,Spike_S373P,Spike_N969K,Spike_H655Y,Spike_V213G,Spike_W152R,Spike_G142D,NSP3_Q380K,NSP14_V182I,Spike_A27S,Spike_Q954H,N_P13L,Spike_N501Y,Spike_P25del,N_R32del,NS3_T223I,Spike_T19I,M_Q19E,Spike_N440K,NSP4_T492I,Spike_N460K,Spike_F157L,NSP3_S403L,Spike_K147E,Spike_N679K,Spike_N764K,E_T11A,NSP6_G107del,Spike_Y505H,NSP16_Q28R,Spike_D796Y,Spike_T478K,N_S413R,M_A63T,Spike_R346T,Spike_S371F,Spike_G257S,NSP13_R392C,Spike_K417N,NS3_F207S,NSP6_S106del,NS3_S26L,Spike_I210V,Spike_R408S,NSP4_L438F,Spike_F486S,Spike_G339H,NSP14_I42V,NSP4_L264F,Spike_P681H,NSP3_T24I,N_S33del,NSP1_S135R,Spike_Q613H,Spike_D405N,Spike_Q498R,Spike_G446S,Spike_S477N,N_E31del,NSP15_T112I,NSP6_F108del,Spike_E484A,E_T9I,Spike_K444T,Spike_P26del,NSP12_P323L,Spike_D614G,Spike_L452R,NSP8_N118S,NSP3_P822S)	Europe	Germany	Lower Saxony		52.8398531	9.075962	hCoV-19/Germany/NI-RKI-I-1126074/2023|EPI_ISL_17297216|2023-03-20
hCoV-19/Poland/2303-311_wsselodz/2023	EPI_ISL_17297543	2023-03-20	Europe / Poland / Lodzkie / Lodz	Human	Original	Nasopharyngeal and oropharyngeal swab		Oxford Nanopore	ARTIC_varskip	NS8_G8stop results in 94.2% truncation of the protein sequence. Gap of 27 nucleotides when compared to the reference WIV04 sequence.	info	XBB.1.5	GRA	(NSP5_P132H,NSP12_G671S,NSP3_G489S,Spike_L24del,NSP4_T327I,Spike_S373P,Spike_N969K,Spike_H655Y,N_R203K,Spike_G142D,Spike_A27S,Spike_Q954H,Spike_H146K,N_P13L,Spike_N501Y,Spike_P25del,N_R32del,Spike_V213E,NS3_T223I,Spike_T19I,M_Q19E,Spike_N440K,NSP4_T492I,Spike_N460K,Spike_N679K,Spike_N764K,E_T11A,NSP6_G107del,Spike_Y505H,NSP6_I210T,Spike_D796Y,N_G204R,Spike_T478K,N_S413R,NSP1_H81Y,M_A63T,Spike_R346T,Spike_S371F,Spike_V445P,NSP13_R392C,Spike_K417N,Spike_L368I,Spike_T376A,NSP6_S106del,NS8_G8stop,Spike_F490S,NS7a_T39A,Spike_F486P,Spike_R408S,NSP4_L438F,Spike_G339H,NSP14_I42V,NSP4_L264F,Spike_P681H,Spike_V83A,NSP3_T24I,N_S33del,NSP1_S135R,Spike_S375F,Spike_D405N,Spike_Q498R,Spike_G446S,NSP13_S36P,Spike_Q183E,Spike_S477N,N_E31del,NSP15_T112I,NSP6_F108del,Spike_E484A,E_T9I,NSP1_K47R,Spike_P26del,NSP12_P323L,Spike_D614G,Spike_G252V)	Europe	Poland	Lodzkie	Lodz	51.7687323	19.4569911	hCoV-19/Poland/2303-311_wsselodz/2023|EPI_ISL_17297543|2023-03-20
hCoV-19/Spain/CT-HUGTiP-H2R131/2023	EPI_ISL_17308750	2023-03-22	Europe / Spain / Catalunya / Mataro	Human	Original	Nasopharyngeal swab		Nanopore MinION	nf-core/viralrecon v2.5	Gap of 27 nucleotides when compared to the reference WIV04 sequence.	info	XBF	GRA	(NSP5_P132H,NSP14_P443S,NSP12_G671S,NSP3_G489S,Spike_L24del,NSP4_T327I,Spike_S373P,Spike_N969K,Spike_H655Y,N_R203K,Spike_V213G,Spike_W152R,Spike_G142D,NSP5_L75F,NSP14_V182I,Spike_A27S,Spike_Q954H,N_P13L,Spike_N501Y,Spike_P25del,N_R32del,NS3_T223I,M_Q19E,Spike_N440K,NSP4_T492I,Spike_N460K,Spike_F157L,Spike_K147E,Spike_N679K,Spike_N764K,E_T11A,NSP6_G107del,Spike_Y505H,Spike_D796Y,N_G204R,Spike_T478K,NS3_T175I,N_S413R,M_A63T,Spike_R346T,Spike_S371F,Spike_G257S,NSP13_R392C,Spike_K417N,Spike_T376A,NSP6_S106del,Spike_F490S,Spike_F486P,Spike_I210V,Spike_R408S,NSP4_L438F,Spike_G339H,NSP14_I42V,NSP4_L264F,Spike_P681H,NSP3_V207A,NSP3_T24I,N_S33del,NSP1_S135R,Spike_S375F,Spike_D405N,Spike_Q498R,Spike_G446S,NSP1_K120N,Spike_S477N,N_E31del,NSP15_T112I,NSP6_F108del,NSP16_R216C,Spike_E484A,E_T9I,Spike_P26del,NSP12_P323L,Spike_D614G,NSP8_N118S)	Europe	Spain	Catalunya	Mataro	41.5398348	2.4448926	hCoV-19/Spain/CT-HUGTiP-H2R131/2023|EPI_ISL_17308750|2023-03-22
hCoV-19/Denmark/DCGC-644195/2023	EPI_ISL_17315078	2023-03-20	Europe / Denmark / Syddanmark	Human	Original		n_infections=2,last_infection_date=2022-02-14	Illumina	ARTIC-ncov2019 v1.1.0	Gap of 27 nucleotides when compared to the reference WIV04 sequence.	info	CH.1.1.3	GRA	(NSP5_P132H,NSP12_G671S,NSP3_G489S,Spike_L24del,NSP4_T327I,Spike_S373P,Spike_N969K,Spike_H655Y,N_R203K,Spike_V213G,Spike_W152R,Spike_G142D,NSP2_L204F,NSP3_Q380K,NSP14_V182I,Spike_A27S,Spike_Q954H,N_P13L,Spike_N501Y,Spike_P25del,N_R32del,NS3_T223I,Spike_T19I,NS3_Q185H,M_Q19E,Spike_N440K,NSP4_T492I,Spike_N460K,Spike_F157L,NSP3_S403L,Spike_K147E,Spike_N679K,NSP3_T73I,Spike_N764K,E_T11A,NSP6_G107del,Spike_Y505H,NSP16_Q28R,Spike_D796Y,M_S212G,N_G204R,Spike_T478K,N_S413R,NSP6_L260F,M_A63T,Spike_R346T,Spike_S371F,Spike_G257S,NSP13_R392C,Spike_K417N,Spike_T376A,NSP6_S106del,Spike_I210V,Spike_R408S,NSP4_L438F,Spike_F486S,Spike_G339H,NSP14_I42V,NSP4_L264F,Spike_P681H,NSP3_T24I,N_S33del,NSP1_S135R,Spike_S375F,Spike_D405N,Spike_Q613H,Spike_Q498R,Spike_G446S,Spike_D215G,Spike_S477N,N_E31del,NSP2_R370H,NSP15_T112I,NSP6_F108del,Spike_E484A,E_T9I,Spike_K444T,Spike_P26del,NSP12_P323L,Spike_D614G,Spike_L452R,NSP8_N118S,NSP3_P822S)	Europe	Denmark	Syddanmark		55.37842625	9.13180637450161	hCoV-19/Denmark/DCGC-644195/2023|EPI_ISL_17315078|2023-03-20
hCoV-19/Denmark/DCGC-644431/2023	EPI_ISL_17315520	2023-03-22	Europe / Denmark / Sjaelland	Human	Original		n_infections=2,last_infection_date=2022-08-08	Illumina	ARTIC-ncov2019 v1.1.0	NS8_G8stop results in 94.2% truncation of the protein sequence. Gap of 27 nucleotides when compared to the reference WIV04 sequence.	info	XBB.1	GRA	(NSP5_P132H,NSP3_T1275K,NSP12_G671S,NSP3_G489S,Spike_L24del,NSP4_T327I,Spike_S373P,Spike_N969K,Spike_H655Y,N_R203K,Spike_G142D,Spike_A27S,Spike_Q954H,Spike_H146K,N_P13L,Spike_N501Y,Spike_P25del,N_R32del,Spike_V213E,NS3_T223I,Spike_T19I,M_Q19E,Spike_N440K,NSP4_T492I,Spike_N460K,NSP1_R24C,Spike_N679K,Spike_N764K,E_T11A,NSP6_G107del,Spike_Y505H,Spike_D796Y,N_G204R,Spike_T478K,N_S413R,NSP3_I310V,M_A63T,Spike_R346T,Spike_S371F,Spike_V445P,NSP13_R392C,Spike_K417N,Spike_L368I,Spike_T376A,NSP6_S106del,NS8_G8stop,Spike_F490S,NSP3_E680A,Spike_F486P,Spike_R408S,NSP4_L438F,Spike_G339H,NSP14_I42V,NSP4_L264F,Spike_P681H,Spike_V83A,NSP3_T24I,N_S33del,NSP1_S135R,Spike_S375F,Spike_D405N,Spike_Q498R,Spike_G446S,NSP13_S36P,Spike_Q183E,Spike_S477N,N_E31del,NSP15_T112I,NSP6_F108del,Spike_E484A,E_T9I,NSP1_K47R,Spike_P26del,NSP12_P323L,Spike_D614G,Spike_G252V)	Europe	Denmark	Sjaelland		55.5455979	11.697374095992934	hCoV-19/Denmark/DCGC-644431/2023|EPI_ISL_17315520|2023-03-22
hCoV-19/Denmark/DCGC-644441/2023	EPI_ISL_17315540	2023-03-20	Europe / Denmark / Midtjylland	Human	Original		n_infections=1	Illumina	ARTIC-ncov2019 v1.1.0	NS8_G8stop results in 94.2% truncation of the protein sequence. Gap of 27 nucleotides when compared to the reference WIV04 sequence.	info	XBB.1.9	GRA	(NSP5_P132H,NSP12_G671S,NSP3_G489S,Spike_L24del,NSP4_T327I,Spike_N969K,Spike_H655Y,N_R203K,NSP4_L15F,Spike_G142D,NS7a_V104F,Spike_A27S,Spike_Q954H,N_P13L,Spike_N501Y,Spike_P25del,N_R32del,Spike_V213E,NS3_T223I,Spike_T19I,M_Q19E,Spike_N440K,NSP4_T492I,Spike_N460K,Spike_N679K,Spike_N764K,E_T11A,NSP6_G107del,Spike_Y505H,Spike_D796Y,N_G204R,Spike_T478K,N_S413R,M_A63T,NSP3_H727Y,Spike_R346T,Spike_V445P,NSP13_R392C,NSP6_S106del,NS8_G8stop,Spike_F490S,N_L219F,Spike_F486P,NSP4_L438F,Spike_G339H,NSP14_I42V,NSP4_L264F,Spike_P681H,Spike_V83A,NSP3_T24I,N_S33del,NSP1_S135R,NSP3_G1001S,Spike_Q498R,Spike_G446S,NSP13_S36P,Spike_Q183E,Spike_S477N,N_E31del,NSP15_T112I,NSP6_F108del,Spike_E484A,E_T9I,NSP1_K47R,Spike_P26del,NS7a_V71L,NSP9_T35I,NSP12_P323L,Spike_D614G,Spike_G252V)	Europe	Denmark	Midtjylland		56.23564835	9.234625027778003	hCoV-19/Denmark/DCGC-644441/2023|EPI_ISL_17315540|2023-03-20
hCoV-19/Denmark/DCGC-644561/2023	EPI_ISL_17315782	2023-03-22	Europe / Denmark / Hovedstaden	Human	Original		n_infections=2,last_infection_id=hCoV-19/Denmark/DCGC-587793/2022	Illumina	ARTIC-ncov2019 v1.1.0	Gap of 27 nucleotides when compared to the reference WIV04 sequence.	info	XBK	GRA	(NSP5_P132H,NSP12_G671S,NSP3_G489S,Spike_L24del,NSP4_T327I,Spike_S373P,Spike_N969K,Spike_H655Y,N_R203K,NSP2_G339S,Spike_V213G,Spike_W152R,NSP14_V182I,Spike_A27S,Spike_Q954H,N_P13L,Spike_N501Y,Spike_P25del,N_R32del,NS3_T223I,Spike_T19I,Spike_N440K,NSP4_T492I,Spike_N460K,Spike_F157L,NSP3_D366E,NSP3_S403L,Spike_K147E,Spike_N679K,Spike_N764K,E_T11A,NSP6_G107del,Spike_Y505H,Spike_D796Y,N_G204R,Spike_T478K,N_S413R,M_A63T,M_Q19Z,Spike_R346T,NSP2_V379M,Spike_S371F,Spike_G257S,NSP13_R392C,Spike_K417N,Spike_T376A,NSP6_S106del,Spike_F490S,NSP2_P624S,Spike_F486P,Spike_I210V,Spike_R408S,Spike_P1162S,NSP4_L438F,Spike_G339H,NSP14_I42V,NSP4_L264F,Spike_P681H,NSP3_T24I,N_S33del,NSP1_S135R,Spike_S375F,Spike_D405N,Spike_Q498R,Spike_G446S,Spike_S477N,N_E31del,NSP15_T112I,NSP6_F108del,Spike_E484A,E_T9I,Spike_P26del,NSP12_P323L,Spike_D614G,NSP8_N118S,NSP3_P822S,NSP12_D418E)	Europe	Denmark	Hovedstaden		55.86178115	12.313735099767246	hCoV-19/Denmark/DCGC-644561/2023|EPI_ISL_17315782|2023-03-22
hCoV-19/Austria/MUIV-1877/2023	EPI_ISL_17324475	2023-03-21	Europe / Austria / Tyrol	Human	Original			Oxford Nanopore MinION		Gap of 27 nucleotides when compared to the reference WIV04 sequence.	info	CH.1.1.3	GRA	(NSP5_P132H,NSP12_G671S,NSP3_G489S,Spike_L24del,NSP4_T327I,Spike_S373P,Spike_N969K,Spike_H655Y,N_R203K,Spike_V213G,Spike_W152R,Spike_G142D,NSP3_Q380K,NSP14_V182I,Spike_A27S,Spike_Q954H,N_P13L,Spike_N501Y,Spike_P25del,N_R32del,NS3_T223I,NSP8_N179S,Spike_T19I,M_Q19E,Spike_N440K,NS8_P36S,NSP4_T492I,Spike_N460K,Spike_F157L,NSP3_S403L,Spike_K147E,Spike_N679K,Spike_N764K,E_T11A,NSP6_G107del,Spike_Y505H,NSP16_Q28R,Spike_D796Y,N_G204R,NSP8_N140K,Spike_T478K,N_S413R,M_A63T,Spike_R346T,Spike_S371F,Spike_G257S,NSP13_R392C,Spike_K417N,Spike_T376A,NSP6_S106del,Spike_I210V,Spike_R408S,NSP4_L438F,Spike_F486S,Spike_K182N,Spike_G339H,NSP14_I42V,NSP4_L264F,Spike_P681H,N_K370R,NSP3_T24I,N_S33del,NSP1_S135R,Spike_S375F,Spike_D405N,Spike_Q498R,Spike_G446S,Spike_S477N,NSP12_A16V,N_E31del,NSP15_T112I,NSP6_F108del,Spike_E484A,E_T9I,Spike_K444T,Spike_P26del,NSP12_P323L,Spike_D614G,Spike_L452R,NSP8_N118S,NSP3_P822S)	Europe	Austria	Tyrol		47.223193	11.5261028	hCoV-19/Austria/MUIV-1877/2023|EPI_ISL_17324475|2023-03-21
hCoV-19/Ireland/D-NVRL-SIRL00015604/2023	EPI_ISL_17325801	2023-03-20	Europe / Ireland / Dublin	Human	Original	Oropharyngeal and nasopharyngeal swab		Oxford Nanopore MinION	ARTIC v3 Protocol	Gap of 27 nucleotides when compared to the reference WIV04 sequence.	info	CH.1.1	GRA	(NSP5_P132H,NSP12_G671S,NSP3_G489S,Spike_L24del,NSP4_T327I,Spike_S373P,Spike_N969K,Spike_H655Y,N_R203K,Spike_V213G,Spike_W152R,Spike_G142D,NSP3_Q380K,NSP14_V182I,Spike_A27S,Spike_Q954H,N_P13L,Spike_N501Y,Spike_P25del,N_R32del,NS3_T223I,M_Q19E,Spike_N440K,NSP4_T492I,Spike_N460K,Spike_F157L,NSP3_S403L,Spike_K147E,Spike_N679K,Spike_N764K,E_T11A,NSP6_G107del,Spike_Y505H,NSP16_Q28R,Spike_D796Y,N_G204R,Spike_T478K,N_S413R,M_A63T,Spike_R346T,Spike_S371F,Spike_G257S,NSP13_R392C,Spike_K417N,Spike_T376A,NSP6_S106del,NS3_S26L,Spike_I210V,Spike_R408S,NSP4_L438F,Spike_F486S,Spike_G339H,NSP14_I42V,NSP4_L264F,Spike_P681H,NSP3_T24I,N_S33del,NSP1_S135R,Spike_S375F,Spike_Q613H,Spike_D405N,Spike_Q498R,Spike_D867N,Spike_G446S,Spike_S477N,N_E31del,NSP15_T112I,NSP6_F108del,Spike_E484A,E_T9I,Spike_K444T,Spike_P26del,NSP12_P323L,Spike_D614G,Spike_L452R,NSP8_N118S,NSP3_P822S)	Europe	Ireland	Dublin		53.3498006	-6.2602964	hCoV-19/Ireland/D-NVRL-SIRL00015604/2023|EPI_ISL_17325801|2023-03-20
hCoV-19/Austria/AGES-1128732/2023	EPI_ISL_17328449	2023-03-20	Europe / Austria / Vienna	Human	Original			Oxford Nanopore MinION	minimap2, medaka	NS8_G8stop results in 94.2% truncation of the protein sequence. Gap of 27 nucleotides when compared to the reference WIV04 sequence.	info	XBB.1.5	GRA	(NSP5_P132H,NSP12_G671S,NSP3_G489S,Spike_L24del,NSP4_T327I,Spike_S373P,Spike_N969K,Spike_H655Y,N_R203K,Spike_G142D,Spike_A27S,Spike_Q954H,N_P13L,Spike_N501Y,Spike_P25del,N_R32del,Spike_V213E,NS3_T223I,Spike_T19I,Spike_H146Q,M_Q19E,Spike_N440K,NSP4_T492I,Spike_N460K,Spike_N679K,Spike_N764K,E_T11A,NSP6_G107del,Spike_Y505H,NSP2_H194Y,Spike_T547I,Spike_D796Y,N_G204R,Spike_T478K,N_S413R,M_A63T,Spike_R346T,Spike_R408G,Spike_S371F,Spike_V445P,Spike_K417N,NSP13_R392C,Spike_L368I,Spike_T376A,NSP6_S106del,NS8_G8stop,Spike_F490S,Spike_F486P,NSP4_L438F,Spike_G339H,N_A35V,NSP14_I42V,NSP4_L264F,Spike_P681H,Spike_V83A,NSP3_T24I,N_S33del,NSP1_S135R,Spike_S375F,Spike_D405N,Spike_Q498R,Spike_G446S,NSP13_S36P,Spike_Q183E,Spike_S477N,N_E31del,NSP15_T112I,NSP6_F108del,Spike_E484A,E_T9I,NSP1_K47R,Spike_P26del,NSP12_P323L,Spike_D614G,Spike_G252V)	Europe	Austria	Vienna		48.2083537	16.3725042	hCoV-19/Austria/AGES-1128732/2023|EPI_ISL_17328449|2023-03-20
hCoV-19/Spain/AN-PMC-33866/2023	EPI_ISL_17328762	2023-03-21	Europe / Spain / Andalusia / Sevilla	Human	Original			Illumina MiniSeq	nf-core/viralrecon	NS8_G8stop results in 94.2% truncation of the protein sequence. Gap of 21 nucleotides when compared to the reference WIV04 sequence.	info	XBB.1	GRA	(NSP5_P132H,NSP12_G671S,NSP3_G489S,Spike_L24del,NSP4_T327I,Spike_S373P,Spike_N969K,Spike_H655Y,N_R203K,Spike_G142D,NSP3_I1320V,Spike_A27S,Spike_Q954H,N_P13L,Spike_N501Y,Spike_P25del,Spike_V213E,NS3_T223I,Spike_T19I,Spike_H146Q,M_Q19E,Spike_N440K,NSP4_T492I,Spike_N460K,Spike_N679K,Spike_N764K,E_T11A,NSP6_G107del,Spike_Y505H,NSP2_L289F,Spike_D796Y,N_G204R,Spike_T478K,N_S413R,M_A63T,Spike_R346T,Spike_S371F,Spike_V445P,NSP13_R392C,Spike_K417N,Spike_L368I,Spike_T376A,NSP6_S106del,NS8_G8stop,Spike_F490S,Spike_F486P,Spike_R408S,NSP15_V185I,NSP4_L438F,Spike_G339H,NSP14_I42V,NSP4_L264F,Spike_P681H,Spike_Y144del,Spike_V83A,NSP3_T24I,NSP1_S135R,Spike_S375F,Spike_D405N,Spike_Q498R,Spike_G446S,Spike_D215H,NSP13_S36P,Spike_Q183E,Spike_S477N,NSP15_T112I,NSP6_F108del,Spike_E484A,E_T9I,NSP1_K47R,Spike_P26del,NSP12_P323L,NSP4_P166L,Spike_D614G,NSP2_I42V)	Europe	Spain	Andalusia	Sevilla	37.3886303	-5.9953403	hCoV-19/Spain/AN-PMC-33866/2023|EPI_ISL_17328762|2023-03-21
hCoV-19/Belgium/ULG-29708/2023	EPI_ISL_17342605	2023-03-21	Europe / Belgium / Luxembourg	Human	Original			Nanopore MinION	Artic network	Gap of 27 nucleotides when compared to the reference WIV04 sequence.	info	XBF	GRA	(NSP5_P132H,NSP12_G671S,NSP3_G489S,Spike_L24del,NSP4_T327I,Spike_S373P,Spike_N969K,Spike_H655Y,N_R203K,Spike_V213G,Spike_W152R,Spike_G142D,NSP14_V182I,Spike_A27S,Spike_Q954H,N_P13L,Spike_N501Y,Spike_P25del,N_R32del,NS3_T223I,Spike_T19I,M_Q19E,Spike_N440K,NSP4_T492I,Spike_N460K,Spike_F157L,Spike_K147E,Spike_N679K,Spike_N764K,E_T11A,NSP6_G107del,Spike_Y505H,Spike_D796Y,N_G204R,Spike_T478K,N_S413R,M_A63T,Spike_R346T,Spike_S371F,Spike_G257S,NSP13_R392C,Spike_K417N,Spike_T376A,NSP6_S106del,Spike_C1247Y,Spike_F490S,Spike_F486P,Spike_I210V,Spike_R408S,NSP4_L438F,Spike_G339H,NSP14_I42V,NSP4_L264F,Spike_P681H,NSP3_V207A,NSP3_T24I,N_S33del,NSP1_S135R,Spike_S375F,Spike_D405N,Spike_Q498R,Spike_G446S,NSP1_K120N,Spike_S477N,N_E31del,NSP15_T112I,NSP6_F108del,Spike_E484A,E_T9I,Spike_P26del,NSP12_P323L,Spike_D614G,NSP8_N118S)	Europe	Belgium	Luxembourg		49.96379985	5.439803941614714	hCoV-19/Belgium/ULG-29708/2023|EPI_ISL_17342605|2023-03-21
hCoV-19/Denmark/DCGC-644646/2023	EPI_ISL_17344269	2023-03-24	Europe / Denmark / Nordjylland	Human	Original		n_infections=2,last_infection_date=2022-01-17	Illumina	ARTIC-ncov2019 v1.1.0	Gap of 27 nucleotides when compared to the reference WIV04 sequence.	info	CH.1.1.3	GRA	(NSP5_P132H,NSP12_G671S,NSP3_G489S,Spike_L24del,NSP4_T327I,Spike_S373P,Spike_N969K,Spike_H655Y,N_R203K,Spike_V213G,Spike_W152R,NSP3_Q380K,NSP14_V182I,Spike_A27S,Spike_Q954H,N_P13L,Spike_N501Y,Spike_P25del,N_R32del,NS3_T223I,Spike_T19I,Spike_N440K,NSP4_T492I,Spike_N460K,Spike_F157L,NSP3_S403L,Spike_K147E,Spike_N679K,Spike_N764K,E_T11A,NSP6_G107del,Spike_Y505H,NSP16_Q28R,Spike_L858I,Spike_D796Y,N_G204R,Spike_T478K,N_S413R,M_A63T,M_Q19Z,Spike_R346T,Spike_S371F,Spike_G257S,NSP13_R392C,Spike_D1139N,Spike_K417N,Spike_T376A,NSP6_S106del,Spike_I210V,Spike_R408S,NSP4_L438F,Spike_F486S,Spike_G339H,NSP14_I42V,NSP4_L264F,Spike_P681H,NSP3_T24I,N_S33del,NSP1_S135R,Spike_S375F,Spike_D405N,Spike_Q498R,Spike_G446S,Spike_S477N,N_E31del,NSP15_T112I,NSP6_F108del,Spike_E484A,E_T9I,Spike_K444T,Spike_P26del,NSP12_P323L,Spike_D614G,Spike_L452R,NSP8_N118S,NSP3_P822S)	Europe	Denmark	Nordjylland		56.8152793	9.727330772696376	hCoV-19/Denmark/DCGC-644646/2023|EPI_ISL_17344269|2023-03-24
hCoV-19/Germany/NW-RKI-I-1126362/2023	EPI_ISL_17348451	2023-03-26	Europe / Germany / North Rhine-Westphalia	Human	Original	Upper respiratory swab sample		Oxford Nanopore		NS8_G8stop results in 94.2% truncation of the protein sequence. Gap of 27 nucleotides when compared to the reference WIV04 sequence.	info	XBB.1.9	GRA	(NSP5_P132H,NSP12_G671S,NSP3_G489S,Spike_L24del,NSP4_T327I,Spike_S373P,Spike_N969K,Spike_H655Y,N_R203K,Spike_G142D,Spike_A27S,Spike_Q954H,N_P13L,Spike_N501Y,Spike_P25del,N_R32del,Spike_V213E,NS3_T223I,Spike_H146Q,M_Q19E,Spike_N440K,NSP4_T492I,Spike_N460K,Spike_N679K,Spike_N764K,E_T11A,NSP6_G107del,Spike_Y505H,Spike_D796Y,N_G204R,Spike_T478K,N_S413R,M_A63T,Spike_R346T,Spike_S371F,Spike_V445P,NSP13_R392C,Spike_K417N,Spike_L368I,Spike_T376A,NSP6_S106del,NS8_G8stop,Spike_F490S,N_L219F,Spike_F486P,Spike_R408S,NSP4_L438F,Spike_G339H,NSP14_I42V,NSP4_L264F,Spike_P681H,Spike_V83A,NSP3_T24I,N_S33del,NSP1_S135R,Spike_S375F,NSP3_G1001S,Spike_D405N,Spike_Q613H,Spike_Q498R,Spike_G446S,NSP13_S36P,Spike_Q183E,Spike_S477N,N_E31del,NSP15_T112I,NSP6_F108del,Spike_E484A,E_T9I,NSP1_K47R,Spike_P26del,NSP9_T35I,NSP12_P323L,Spike_D614G,Spike_G252V)	Europe	Germany	North Rhine-Westphalia		51.4789205	7.5543751	hCoV-19/Germany/NW-RKI-I-1126362/2023|EPI_ISL_17348451|2023-03-26
hCoV-19/Germany/SN-RKI-I-1126935/2023	EPI_ISL_17349026	2023-03-21	Europe / Germany / Saxony	Human	Original	Nasopharyngeal swab		Illumina		Gap of 24 nucleotides when compared to the reference WIV04 sequence.	info	XAY.1.1	GRA	(NSP5_P132H,NSP2_T170I,Spike_T95I,NSP12_G671S,NSP3_G489S,Spike_S373P,Spike_N969K,Spike_H655Y,N_R203K,Spike_V213G,Spike_G142D,Spike_Q954H,N_P13L,Spike_N501Y,N_R32del,Spike_G446D,Spike_N440K,Spike_D253G,NSP4_I289V,NSP4_T492I,Spike_T19R,Spike_R21G,M_I82T,NSP4_T14I,Spike_N679K,Spike_N764K,NSP6_G107del,Spike_Y505H,N_G204L,NSP3_P1469S,Spike_T1117I,Spike_F186L,Spike_D796Y,Spike_T478K,N_S413R,NSP9_T21I,Spike_A706V,Spike_R346T,Spike_S371F,Spike_K417N,Spike_T376A,NSP6_S106del,NS3_S26L,NSP3_K1290N,Spike_F486P,Spike_G339D,NSP12_A529V,Spike_R408S,Spike_R158del,Spike_P681H,NSP3_T24I,Spike_F157del,Spike_P621S,N_S33del,NSP1_S135R,Spike_S375F,NSP14_A394V,Spike_D405N,Spike_Q498R,Spike_L18F,M_R146H,Spike_S477N,NSP13_P77L,N_E31del,Spike_D1153Y,Spike_E156G,NSP5_Q83K,NSP6_F108del,NS7a_T61S,Spike_E484A,Spike_W152L,NSP12_P323L,Spike_D614G,NSP1_D48N,NSP4_V167L,Spike_L452R,NSP3_P822S)	Europe	Germany	Saxony		50.9295798	13.4585052	hCoV-19/Germany/SN-RKI-I-1126935/2023|EPI_ISL_17349026|2023-03-21
hCoV-19/Germany/BW-RKI-I-1127322/2023	EPI_ISL_17349391	2023-03-20	Europe / Germany / Baden-Wurttemberg	Human	Original	Nasopharyngeal swab		Illumina		Gap of 27 nucleotides when compared to the reference WIV04 sequence.	info	XBF	GRA	(NSP5_P132H,NSP12_G671S,NSP3_G489S,Spike_L24del,NSP4_T327I,Spike_S373P,Spike_N969K,Spike_H655Y,N_R203K,Spike_W152R,Spike_G142D,NSP14_V182I,Spike_A27S,Spike_Q954H,N_P13L,Spike_N501Y,Spike_P25del,N_R32del,NS3_T223I,Spike_T19I,M_Q19E,Spike_N440K,NSP4_T492I,Spike_N460K,Spike_F157L,Spike_K147E,Spike_N679K,Spike_N764K,E_T11A,NSP6_G107del,Spike_Y505H,Spike_D796Y,N_G204R,Spike_T478K,N_S413R,M_A63T,Spike_R346T,Spike_S371F,NSP3_V473I,Spike_G257S,Spike_K417N,NSP13_R392C,Spike_T376A,NSP6_S106del,Spike_F490S,Spike_F486P,Spike_R408S,NSP4_L438F,Spike_G339H,NSP14_I42V,NSP4_L264F,Spike_P681H,NSP3_V207A,NSP3_T24I,N_S33del,NSP1_S135R,Spike_S375F,Spike_D405N,Spike_Q498R,Spike_G446S,NSP1_K120N,Spike_S477N,N_E31del,NSP15_T112I,NSP6_F108del,Spike_E484A,E_T9I,Spike_P26del,NSP12_P323L,Spike_D614G,NSP8_N118S)	Europe	Germany	Baden-Wurttemberg		48.53775	9.041169	hCoV-19/Germany/BW-RKI-I-1127322/2023|EPI_ISL_17349391|2023-03-20
hCoV-19/Italy/un-UCBM-1911/2023	EPI_ISL_17350373	2023-03-23	Europe / Italy	Human	Original	Nasopharyngeal swab		Illumina	RECoVERY 4.0	Gap of 27 nucleotides when compared to the reference WIV04 sequence.	info	XBK	GRA	(NSP5_P132H,NSP12_G671S,NSP3_G489S,Spike_L24del,NSP4_T327I,Spike_S373P,Spike_N969K,Spike_H655Y,N_R203K,Spike_V213G,Spike_G142D,NSP14_V182I,Spike_A27S,Spike_Q954H,NSP4_A128T,NSP2_S122P,N_P13L,Spike_N501Y,Spike_P25del,N_R32del,NS3_T223I,Spike_T19I,M_Q19E,Spike_N440K,NSP4_T492I,Spike_N460K,Spike_F157L,NSP3_S403L,Spike_K147E,Spike_N679K,Spike_N764K,E_T11A,NSP6_G107del,Spike_Y505H,Spike_D796Y,N_G204R,Spike_T478K,N_S413R,M_A63T,Spike_R346T,Spike_S371F,Spike_V1264L,Spike_G257S,NSP13_R392C,Spike_K417N,Spike_T376A,NSP6_S106del,Spike_F490S,Spike_F486P,Spike_I210V,Spike_R408S,Spike_P1162S,NSP4_L438F,Spike_G339H,NSP14_I42V,NSP4_L264F,Spike_P681H,NSP3_T24I,N_S33del,NSP1_S135R,Spike_S375F,Spike_D405N,Spike_Q498R,Spike_G446S,Spike_S477N,N_E31del,NSP15_T112I,NSP6_F108del,Spike_E484A,E_T9I,Spike_P26del,NSP12_P323L,Spike_D614G,NSP8_N118S,NSP3_P822S,Spike_W152G)	Europe	Italy			42.6384261	12.674297	hCoV-19/Italy/un-UCBM-1911/2023|EPI_ISL_17350373|2023-03-23
hCoV-19/Belgium/CHUNamur14523206/2023	EPI_ISL_17351925	2023-03-21	Europe / Belgium / Namur	Human	Original			Nanopore GridION	ARTIC Network Bioinformatics	NS8_Q18stop results in 86.0% truncation of the protein sequence. Gap of 27 nucleotides when compared to the reference WIV04 sequence.	info	XBK	GRA	(NSP5_P132H,NSP12_G671S,NSP3_G489S,Spike_L24del,NSP4_T327I,Spike_S373P,Spike_N969K,Spike_H655Y,N_R203K,Spike_V213G,Spike_W152R,Spike_G142D,NSP14_V182I,Spike_A27S,Spike_Q954H,N_P13L,Spike_N501Y,Spike_P25del,N_R32del,NS3_T223I,Spike_T19I,M_Q19E,Spike_N440K,NSP4_T492I,Spike_N460K,Spike_F157L,NSP3_S403L,Spike_K147E,Spike_N679K,Spike_N764K,NSP3_T1002I,E_T11A,NSP6_G107del,Spike_Y505H,Spike_D796Y,N_G204R,Spike_T478K,N_S413R,M_A63T,Spike_R346T,Spike_S371F,Spike_G257S,NSP13_R392C,Spike_K417N,NS8_Q18stop,Spike_T376A,NSP6_S106del,Spike_F490S,Spike_F486P,Spike_I210V,Spike_R408S,Spike_P1162S,Spike_G339H,NSP14_I42V,NSP4_L264F,Spike_P681H,NSP3_T24I,N_S33del,NSP1_S135R,Spike_S375F,Spike_D405N,Spike_Q498R,Spike_G446S,Spike_S477N,N_E31del,NSP15_T112I,NSP6_F108del,Spike_E484A,NSP15_H234Y,E_T9I,Spike_P26del,NSP12_P323L,Spike_D614G,NSP8_N118S,NSP3_P822S)	Europe	Belgium	Namur		50.4665284	4.8661892	hCoV-19/Belgium/CHUNamur14523206/2023|EPI_ISL_17351925|2023-03-21
hCoV-19/Iceland/L-3944/2023	EPI_ISL_17360320	2023-03-24	Europe / Iceland	Human	Original			Illumina MiSeq	SSI_v1.0	Gap of 27 nucleotides when compared to the reference WIV04 sequence.	info	CH.1.1.3	GRA	(NSP2_V123I,NSP5_P132H,NSP2_S211F,NSP12_G671S,NSP3_G489S,Spike_L24del,NSP4_T327I,Spike_S373P,NSP3_T199I,Spike_N969K,Spike_H655Y,N_R203K,Spike_V213G,Spike_W152R,NSP3_Q380K,NSP14_V182I,Spike_A27S,Spike_Q954H,N_P13L,Spike_N501Y,Spike_P25del,N_R32del,NS3_T223I,Spike_T19I,NSP3_G255R,M_Q19E,Spike_N440K,NSP4_T492I,Spike_N460K,Spike_F157L,NSP3_S403L,Spike_K147E,Spike_N679K,Spike_N764K,E_T11A,NSP6_G107del,Spike_Y505H,NSP16_Q28R,Spike_D796Y,N_G204R,Spike_T478K,N_S413R,M_A63T,Spike_R346T,Spike_S371F,Spike_G257S,NSP13_R392C,Spike_K417N,Spike_T376A,NSP6_S106del,Spike_I210V,Spike_R408S,NSP4_L438F,Spike_F486S,Spike_G339H,NSP14_I42V,NSP4_L264F,Spike_P681H,NSP3_T24I,N_S33del,NSP1_S135R,Spike_S375F,Spike_D405N,Spike_Q498R,Spike_G446S,Spike_S477N,N_E31del,NSP15_T112I,NSP6_F108del,Spike_E484A,E_T9I,Spike_K444T,Spike_P26del,NSP12_P323L,Spike_D614G,Spike_L452R,NSP8_N118S,NSP3_P822S)	Europe	Iceland			64.9841821	-18.1059013	hCoV-19/Iceland/L-3944/2023|EPI_ISL_17360320|2023-03-24
hCoV-19/Sweden/03_SE600_000200552907N2/2023	EPI_ISL_17365666	2023-03-21	Europe / Sweden / Uppsala	Human	Original			Nanopore GridION	Geneious 2021.1.1	Insertion of 1 nucleotide(s) found at refpos 3496 (Frameshift confirmed by the submitter). NS8_G8stop results in 94.2% truncation of the protein sequence. Gap of 62 nucleotides when compared to the reference WIV04 sequence.	info	XBB.1.5	GRA	(NSP5_P132H,Spike_H69del,NSP12_G671S,NSP3_G489S,Spike_L24del,NSP4_T327I,Spike_S373P,Spike_N969K,Spike_H655Y,N_R203K,Spike_G142D,Spike_A27S,Spike_Q954H,N_P13L,Spike_N501Y,Spike_P25del,N_R32del,Spike_V213E,NS3_T223I,Spike_T19I,Spike_H146Q,M_Q19E,Spike_N440K,NSP4_T492I,Spike_N460K,Spike_N679K,Spike_N764K,E_T11A,NSP6_G107del,Spike_Y505H,Spike_D796Y,N_G204R,Spike_T478K,N_S413R,M_A63T,Spike_R346T,Spike_S371F,Spike_V445P,Spike_K417N,NSP13_R392C,Spike_L368I,Spike_T376A,NSP6_S106del,NS8_G8stop,Spike_F490S,Spike_F486P,Spike_R408S,NSP4_L438F,Spike_G339H,NSP14_I42V,NSP4_L264F,Spike_P681H,Spike_Y144del,NSP3_T24I,N_S33del,NSP1_S135R,Spike_S375F,Spike_D405N,Spike_Q498R,Spike_G446S,NSP13_S36P,Spike_Q183E,Spike_S477N,N_E31del,NSP15_T112I,NSP6_F108del,Spike_E484A,E_T9I,Spike_V70del,NSP1_K47R,Spike_P26del,NSP12_P323L,Spike_D614G,Spike_G252V)	Europe	Sweden	Uppsala		59.8586126	17.6387436	hCoV-19/Sweden/03_SE600_000200552907N2/2023|EPI_ISL_17365666|2023-03-21
hCoV-19/Austria/AGES-1129907/2023	EPI_ISL_17371689	2023-03-20	Europe / Austria / Carinthia	Human	Original			Oxford Nanopore MinION	minimap2, medaka	NS8_G8stop results in 94.2% truncation of the protein sequence. Gap of 27 nucleotides when compared to the reference WIV04 sequence.	info	XBB.1.5	GRA	(NSP5_P132H,NSP12_G671S,NSP3_G489S,Spike_L24del,NSP4_T327I,Spike_S373P,Spike_N969K,Spike_H655Y,N_R203K,Spike_G142D,Spike_A27S,Spike_Q954H,N_P13L,Spike_N501Y,Spike_P25del,N_R32del,Spike_V213E,NS3_T223I,Spike_T19I,M_Q19E,Spike_N440K,NSP4_T492I,Spike_N460K,Spike_N679K,Spike_N764K,E_T11A,NSP6_G107del,Spike_Y505H,Spike_D796Y,N_G204R,Spike_T478K,N_S413R,M_A63T,Spike_R346T,Spike_S371F,Spike_V445P,Spike_K417N,NSP13_R392C,Spike_L368I,Spike_T376A,NSP6_S106del,NS8_G8stop,Spike_F490S,Spike_F486P,Spike_R408S,Spike_G339H,NSP14_I42V,NSP4_L264F,Spike_P681H,Spike_V83A,NSP3_T24I,N_S33del,NSP1_S135R,Spike_S375F,Spike_D405N,Spike_Q498R,Spike_G446S,NSP13_S36P,Spike_Q183E,Spike_S477N,N_E31del,NSP15_T112I,NSP6_F108del,Spike_E484A,E_T9I,NSP1_K47R,Spike_P26del,NSP12_P323L,Spike_D614G,Spike_G252V)	Europe	Austria	Carinthia		46.7500001	13.8333333	hCoV-19/Austria/AGES-1129907/2023|EPI_ISL_17371689|2023-03-20
hCoV-19/Poland/2303-441_wsselodz/2023	EPI_ISL_17375890	2023-03-27	Europe / Poland / Wielkopolskie / Poznanski	Human	Original	Nasopharyngeal and oropharyngeal swab		Oxford Nanopore	ARTIC_varskip	Gap of 27 nucleotides when compared to the reference WIV04 sequence.	info	CH.1.1.1	GRA	(NSP5_P132H,Spike_N185D,NSP12_G671S,NSP3_G489S,NSP2_A247V,Spike_L24del,NSP4_T327I,Spike_S373P,Spike_N969K,Spike_H655Y,N_R203K,Spike_V213G,Spike_W152R,Spike_G142D,NSP3_Q380K,NSP14_V182I,Spike_A27S,Spike_Q954H,N_P13L,Spike_N501Y,Spike_P25del,N_R32del,NS3_T223I,NS3_A110V,Spike_T19I,M_Q19E,Spike_N440K,NSP4_T492I,Spike_N460K,Spike_F157L,NSP3_S403L,Spike_K147E,Spike_N679K,Spike_N764K,E_T11A,NSP6_G107del,Spike_Y505H,NSP16_Q28R,Spike_D796Y,N_G204R,Spike_T478K,N_S413R,M_A63T,NSP15_K89R,Spike_R346T,Spike_S371F,Spike_G257S,NSP13_R392C,Spike_K417N,Spike_T376A,NSP6_S106del,Spike_I210V,Spike_R408S,NSP4_L438F,Spike_F486S,Spike_G339H,NSP14_I42V,NSP4_L264F,Spike_P681H,NSP3_T24I,N_S33del,NSP1_S135R,Spike_S375F,Spike_D405N,Spike_Q498R,Spike_G446S,Spike_S477N,N_E31del,NSP15_T112I,NSP6_F108del,Spike_E484A,E_T9I,Spike_K444T,Spike_P26del,NSP12_P323L,Spike_D614G,Spike_L452R,NSP8_N118S,NSP3_P822S)	Europe	Poland	Wielkopolskie	Poznanski	52.4160308	17.21503055779803	hCoV-19/Poland/2303-441_wsselodz/2023|EPI_ISL_17375890|2023-03-27
hCoV-19/Italy/LOM-03304316/2023	EPI_ISL_17375910	2023-03-29	Europe / Italy / Lombardy	Human	Original	Nasopharyngeal swab		unknown	Consensus	Gap of 27 nucleotides when compared to the reference WIV04 sequence.	info	XBF	GRA	(NSP5_P132H,NSP2_T170I,NSP12_G671S,NSP3_G489S,Spike_L24del,NSP4_T327I,Spike_S373P,Spike_N969K,Spike_H655Y,N_R203K,Spike_V213G,Spike_W152R,Spike_G142D,NSP14_V182I,Spike_A27S,Spike_Q954H,N_P13L,Spike_N501Y,Spike_P25del,N_R32del,NS3_T223I,Spike_T19I,M_Q19E,Spike_N440K,NSP4_T492I,Spike_A688V,Spike_N460K,Spike_F157L,Spike_K147E,Spike_N679K,Spike_N764K,E_T11A,NSP6_G107del,Spike_Y505H,NSP2_L24I,Spike_D796Y,N_G204R,Spike_T478K,N_S413R,M_A63T,Spike_R346T,Spike_S371F,Spike_G257S,NSP13_R392C,Spike_K417N,Spike_T376A,NSP6_S106del,Spike_F490S,Spike_F486P,Spike_I210V,Spike_R408S,NSP4_L438F,Spike_G339H,NSP14_I42V,NSP4_L264F,Spike_P681H,NSP3_V207A,NSP3_T24I,N_S33del,NSP1_S135R,Spike_S375F,Spike_D405N,Spike_Q498R,Spike_G446S,NSP1_K120N,Spike_S477N,N_K65I,N_E31del,NSP15_T112I,NSP6_F108del,Spike_E484A,E_T9I,Spike_P26del,NSP12_P323L,Spike_D614G,NSP8_N118S)	Europe	Italy	Lombardy		45.5703694	9.7732524	hCoV-19/Italy/LOM-03304316/2023|EPI_ISL_17375910|2023-03-29
hCoV-19/England/PHEC-YYEQ478/2023	EPI_ISL_17381043	2023-03-20	Europe / United Kingdom / England	Human	Original			Illumina		NS8_G8stop results in 94.2% truncation of the protein sequence. Gap of 18 nucleotides when compared to the reference WIV04 sequence.	info	XBB.1.9.1	GRA	(NSP5_P132H,NSP12_G671S,NSP3_G489S,Spike_L24del,NSP4_T327I,Spike_S373P,Spike_N969K,Spike_H655Y,N_R203K,Spike_G142D,Spike_A27S,Spike_Q954H,N_P13L,Spike_N501Y,Spike_P25del,N_R32del,Spike_V213E,NS3_T223I,Spike_T19I,N_P368L,Spike_H146Q,M_Q19E,Spike_N440K,NSP4_T492I,Spike_N460K,Spike_N679K,Spike_N764K,E_T11A,Spike_Y505H,Spike_D796Y,N_G204R,Spike_T478K,N_S413R,M_A63T,Spike_R346T,Spike_S371F,Spike_V445P,Spike_K417N,NSP13_R392C,Spike_L368I,Spike_T376A,NS8_G8stop,Spike_F490S,NSP13_I493V,Spike_F486P,Spike_R408S,NSP4_L438F,Spike_G339H,NSP14_I42V,NSP4_L264F,Spike_P681H,Spike_V83A,NSP3_T24I,N_S33del,NSP1_S135R,Spike_S375F,NSP3_G1001S,Spike_D405N,Spike_Q498R,Spike_G446S,NSP13_S36P,Spike_Q183E,Spike_S477N,N_E31del,NSP15_T112I,Spike_E484A,E_T9I,NSP1_K47R,Spike_P26del,NSP9_T35I,NSP12_P323L,Spike_D614G)	Europe	United Kingdom	England		52.5310214	-1.2649062	hCoV-19/England/PHEC-YYEQ478/2023|EPI_ISL_17381043|2023-03-20
hCoV-19/Germany/ST-MD13010/2023	EPI_ISL_17383269	2023-03-20	Europe / Germany / Saxony-Anhalt	Human	Original			Nanopore GridION	consensus sequence method	NS8_G8stop results in 94.2% truncation of the protein sequence. Gap of 21 nucleotides when compared to the reference WIV04 sequence.	info	XBB.1.5	GRA	(NSP5_P132H,NSP12_G671S,NSP3_G489S,NSP4_T327I,Spike_S373P,Spike_N969K,Spike_H655Y,N_R203K,Spike_G142D,Spike_Q954H,N_P13L,Spike_N501Y,N_R32del,Spike_V213E,NS3_T223I,Spike_I410V,NSP2_V599F,Spike_H146Q,M_Q19E,Spike_N440K,NSP4_T492I,Spike_N460K,Spike_N679K,Spike_N764K,E_T11A,NSP6_G107del,Spike_Y505H,Spike_D796Y,N_G204R,Spike_T478K,N_S413R,NSP14_H455Y,M_A63T,Spike_R346T,Spike_P521S,Spike_S371F,Spike_V445P,NSP13_R392C,Spike_K417N,Spike_L368I,Spike_T376A,NSP6_S106del,NS8_G8stop,Spike_F490S,Spike_F486P,Spike_R408S,NSP4_L438F,Spike_G339H,NSP14_I42V,NSP4_L264F,Spike_P681H,Spike_Y144del,Spike_V83A,NSP3_T24I,N_S33del,NSP1_S135R,Spike_S375F,Spike_D405N,Spike_Q498R,Spike_G446S,NSP13_S36P,Spike_Q183E,Spike_S477N,N_E31del,NSP15_T112I,NSP6_F108del,Spike_E484A,E_T9I,NSP1_K47R,NSP12_P323L,Spike_D614G,Spike_G252V)	Europe	Germany	Saxony-Anhalt		52.0089065	11.7003344	hCoV-19/Germany/ST-MD13010/2023|EPI_ISL_17383269|2023-03-20
hCoV-19/France/CVL-IPP07690/2023	EPI_ISL_17383740	2023-03-20	Europe / France / Centre-Val de Loire / Orleans	Human	Original	Nasopharyngeal swab		Illumina NextSeq 500	CLC Genomics Suite	Gap of 1 nucleotide(s) found at refpos 28254 (Frameshift confirmed by the submitter). Gap of 1 nucleotide(s) at refpos 28254 occurred >=100 times in >=10 locations. Gap of 63 nucleotides when compared to the reference WIV04 sequence.	info	BQ.1.13.1	GRA	(NSP5_P132H,Spike_H69del,NSP3_G489S,Spike_L24del,NSP4_T327I,Spike_S373P,Spike_N969K,Spike_H655Y,N_R203K,Spike_V213G,Spike_G142D,Spike_A27S,Spike_Q954H,NSP3_S1682F,N_P13L,Spike_N501Y,Spike_P25del,N_R32del,NS3_T223I,Spike_T19I,M_Q19E,Spike_N440K,NSP4_T492I,Spike_N460K,Spike_F157L,N_E136D,M_D3N,Spike_N679K,NSP2_V447I,Spike_N764K,NSP6_G107del,Spike_Y505H,Spike_D796Y,N_G204R,Spike_T478K,N_S413R,NSP6_L260F,M_A63T,NSP2_Q376K,Spike_S371F,Spike_K417N,NSP13_R392C,Spike_F486V,Spike_T376A,NSP6_S106del,Spike_L5F,Spike_G339D,Spike_R408S,NSP14_I42V,NSP4_L264F,Spike_P681H,Spike_Y144del,NSP13_M233I,NSP3_T24I,N_S33del,NSP1_S135R,Spike_S375F,Spike_D405N,Spike_Q498R,Spike_S477N,N_E31del,NSP12_Y273H,NSP15_T112I,NSP6_F108del,Spike_E484A,E_T9I,Spike_K444T,Spike_V70del,Spike_P26del,NSP12_P323L,Spike_D614G,Spike_L452R)	Europe	France	Centre-Val de Loire	Orleans	47.9027336	1.9086066	hCoV-19/France/CVL-IPP07690/2023|EPI_ISL_17383740|2023-03-20
hCoV-19/France/IDF-IPP07671/2023	EPI_ISL_17383741	2023-03-20	Europe / France / Ile-de-France / Boulogne-Billancourt	Human	Original	Nasopharyngeal swab		Illumina NextSeq 500	CLC Genomics Suite	Gap of 1 nucleotide(s) found at refpos 28254 (Frameshift confirmed by the submitter). Gap of 1 nucleotide(s) at refpos 28254 occurred >=100 times in >=10 locations. NS8_G8stop results in 94.2% truncation of the protein sequence. Gap of 63 nucleotides when compared to the reference WIV04 sequence.	info	XBB.1.5	GRA	(NSP5_P132H,NSP12_G671S,NSP3_G489S,Spike_L24del,NSP4_T327I,Spike_S373P,Spike_N969K,Spike_H655Y,N_R203K,Spike_G142D,Spike_A27S,Spike_Q954H,N_P13L,NSP1_H83del,Spike_N501Y,Spike_P25del,N_R32del,Spike_V213E,NS3_T223I,Spike_T19I,Spike_H146Q,M_Q19E,Spike_N440K,NSP4_T492I,Spike_N460K,Spike_N679K,Spike_N764K,E_T11A,NSP6_G107del,Spike_Y505H,Spike_D796Y,N_G204R,Spike_T478K,N_S413R,M_A63T,Spike_R346T,Spike_S371F,Spike_V445P,NSP13_R392C,Spike_K417N,Spike_L368I,Spike_T376A,NSP6_S106del,NS8_G8stop,Spike_F490S,Spike_F486P,Spike_R408S,NSP4_L438F,Spike_G339H,NSP14_I42V,NSP4_L264F,Spike_P681H,Spike_Y144del,Spike_V83A,NSP3_T24I,NSP1_G82del,N_S33del,NSP1_S135R,Spike_S375F,Spike_D405N,Spike_Q498R,Spike_G446S,NSP13_S36P,Spike_Q183E,Spike_S477N,N_E31del,NSP15_T112I,NSP6_F108del,Spike_E484A,E_T9I,NSP1_K47R,Spike_P26del,NSP12_P323L,Spike_D614G,Spike_G252V)	Europe	France	Ile-de-France	Boulogne-Billancourt	48.8356649	2.240206	hCoV-19/France/IDF-IPP07671/2023|EPI_ISL_17383741|2023-03-20
hCoV-19/France/HDF-IPP07790/2023	EPI_ISL_17383742	2023-03-20	Europe / France / Hauts-de-France / Ronchin	Human	Original	Nasopharyngeal swab		Illumina NextSeq 500	CLC Genomics Suite	Gap of 23 nucleotide(s) found at refpos 27568 (Frameshift confirmed by the submitter). Gap of 1 nucleotide(s) found at refpos 27682 (Frameshift confirmed by the submitter). NS7a_ins60stopRRK results in 51.2% truncation of the protein sequence. NS7a_ins72stop results in 41.3% truncation of the protein sequence. Gap of 80 nucleotides when compared to the reference WIV04 sequence.	info	CH.1.1.3	GRA	(NSP5_P132H,NSP12_G671S,NSP3_G489S,Spike_L24del,NSP4_T327I,Spike_S373P,NS7a_V82del,Spike_N969K,Spike_H655Y,NSP3_Q380K,Spike_Q954H,NS7a_F65V,N_P13L,Spike_N501Y,Spike_P25del,Spike_S939F,NS3_T223I,NS7a_A64S,NS7a_P68Q,Spike_T19I,NS7a_R89del,M_Q19E,NSP4_T492I,Spike_N460K,NS7a_ins60stopRRK,Spike_E484V,Spike_K147E,E_T11A,NSP6_G107del,NS7a_ins72stop,NS7a_K85del,NS7a_E92del,NS7a_E95R,NS8_D63G,NS7a_V93del,NS7a_R80S,NS7a_F87del,NSP16_I40V,NSP1_M85del,NS7a_A79G,NS7a_P84del,Spike_I210V,NS7a_A66T,Spike_R408S,NS7a_H73T,Spike_F486S,Spike_S375F,Spike_Q498R,NS7a_Q94del,N_E31del,NS7a_K72T,NSP15_T112I,NS7a_L77T,Spike_T573I,E_T9I,Spike_P26del,NSP12_P323L,Spike_D614G,NS7a_V71F,NSP4_Q77R,N_R203K,Spike_V213G,Spike_W152R,Spike_G142D,NS7a_L96T,NSP14_V182I,Spike_A27S,NS7a_E91del,N_R32del,NS7a_G70S,Spike_N440K,Spike_F157L,NSP3_S403L,Spike_N679K,Spike_N764K,NS7a_I88del,Spike_Y505H,NS7a_S83del,NSP16_Q28R,Spike_D796Y,N_G204R,Spike_T478K,N_S413R,M_A63T,Spike_R346T,Spike_S371F,Spike_G257S,NSP13_R392C,Spike_K417N,Spike_T376A,NSP6_S106del,NSP4_L438F,Spike_G339H,NSP14_I42V,NSP4_L264F,Spike_P681H,NSP3_T24I,N_S33del,NSP1_S135R,NS7a_Y75H,Spike_D405N,NS7a_D69I,NS7a_F59L,Spike_G446S,NS7a_L86del,Spike_S477N,NS7a_F63L,NSP6_F108del,NS7a_Q62R,Spike_K444T,NS7a_Q90del,Spike_L452R,NSP8_N118S,NSP3_P822S)	Europe	France	Hauts-de-France	Ronchin	50.6056749	3.0778827	hCoV-19/France/HDF-IPP07790/2023|EPI_ISL_17383742|2023-03-20
hCoV-19/France/HDF-IPP07652/2023	EPI_ISL_17383758	2023-03-20	Europe / France / Hauts-de-France / Lille	Human	Original	Nasopharyngeal swab		Illumina NextSeq 500	CLC Genomics Suite	Insertion of 1 nucleotide(s) found at refpos 27791 (Frameshift confirmed by the submitter). Insertion of 1 nucleotide(s) at refpos 27791 occurred >=100 times in >=10 locations. Gap of 53 nucleotides when compared to the reference WIV04 sequence.	info	BN.1.2	GRA	(NSP5_P132H,NSP12_G671S,NSP3_G489S,Spike_L24del,NSP4_T327I,Spike_S373P,Spike_N969K,Spike_H655Y,N_R203K,Spike_V213G,Spike_W152R,Spike_G142D,Spike_A27S,Spike_Q954H,N_P13L,Spike_N501Y,Spike_P25del,N_R32del,NS3_T223I,Spike_T19I,M_Q19E,Spike_N440K,NSP4_T492I,Spike_N460K,Spike_F157L,NSP3_S403L,Spike_K147E,Spike_N679K,Spike_N764K,Spike_K187E,E_T11A,NSP6_G107del,Spike_Y505H,Spike_D796Y,N_G204R,Spike_T478K,N_S413R,M_A63T,Spike_R346T,Spike_S371F,Spike_G257S,NSP13_R392C,Spike_K417N,Spike_T376A,NSP6_S106del,Spike_F490S,Spike_I210V,Spike_K356T,Spike_R408S,NSP4_L438F,Spike_G339H,NSP14_I42V,NSP4_L264F,Spike_P681H,E_D72G,NSP3_T24I,N_S33del,NSP1_S135R,Spike_S375F,Spike_D405N,Spike_Q498R,Spike_G446S,N_T366I,Spike_S477N,N_E31del,NSP15_T112I,NSP6_F108del,NS7b_L14F,Spike_E484A,E_T9I,Spike_P26del,NSP12_P323L,Spike_D614G,NS7b_A15S,NSP8_N118S,NSP3_P822S)	Europe	France	Hauts-de-France	Lille	50.6365654	3.0635282	hCoV-19/France/HDF-IPP07652/2023|EPI_ISL_17383758|2023-03-20
hCoV-19/France/IDF-IPP07653/2023	EPI_ISL_17383759	2023-03-20	Europe / France / Ile-de-France / Lisses	Human	Original			Illumina NextSeq 500	CLC Genomics Suite	Insertion of 1 nucleotide(s) found at refpos 27791 (Frameshift confirmed by the submitter). Insertion of 1 nucleotide(s) at refpos 27791 occurred >=100 times in >=10 locations. Gap of 53 nucleotides when compared to the reference WIV04 sequence.	info	BN.1.2	GRA	(NSP5_P132H,NSP12_G671S,NSP3_G489S,Spike_L24del,NSP4_T327I,Spike_S373P,Spike_N969K,Spike_H655Y,N_R203K,Spike_V213G,Spike_W152R,Spike_G142D,Spike_A27S,Spike_Q954H,N_P13L,Spike_N501Y,Spike_P25del,N_R32del,NS3_T223I,Spike_T19I,M_Q19E,Spike_N440K,NSP4_T492I,Spike_N460K,Spike_F157L,NSP3_S403L,Spike_K147E,Spike_N679K,Spike_N764K,Spike_K187E,E_T11A,NSP6_G107del,Spike_Y505H,Spike_D796Y,N_G204R,Spike_T478K,N_S413R,M_A63T,Spike_R346T,Spike_S371F,Spike_G257S,NSP13_R392C,Spike_K417N,Spike_T376A,NSP6_S106del,Spike_F490S,Spike_I210V,Spike_K356T,Spike_R408S,NSP4_L438F,Spike_G339H,NSP14_I42V,NSP4_L264F,Spike_P681H,E_D72G,NSP3_T24I,N_S33del,NSP1_S135R,Spike_S375F,Spike_D405N,Spike_Q498R,Spike_G446S,N_T366I,Spike_S477N,N_E31del,NSP15_T112I,NSP6_F108del,NS7b_L14F,Spike_E484A,E_T9I,Spike_P26del,NSP12_P323L,Spike_D614G,NS7b_A15S,NSP8_N118S,NSP3_P822S)	Europe	France	Ile-de-France	Lisses	48.5960009	2.4237886	hCoV-19/France/IDF-IPP07653/2023|EPI_ISL_17383759|2023-03-20
hCoV-19/France/HDF-IPP07693/2023	EPI_ISL_17383762	2023-03-20	Europe / France / Hauts-de-France / Douai	Human	Original	Nasopharyngeal swab		Illumina NextSeq 500	CLC Genomics Suite	Insertion of 2 nucleotide(s) found at refpos 28250 (Frameshift confirmed by the submitter). NS8_G8stop results in 94.2% truncation of the protein sequence. Gap of 56 nucleotides when compared to the reference WIV04 sequence.	info	XBB.1.5	GRA	(NSP5_P132H,NS7b_F19L,NSP12_G671S,NSP3_G489S,Spike_L24del,NSP4_T327I,Spike_S373P,Spike_N969K,Spike_H655Y,N_R203K,Spike_G142D,Spike_A27S,Spike_Q954H,N_P13L,Spike_N501Y,Spike_P25del,N_R32del,Spike_V213E,NS3_T223I,NS8_P36L,Spike_T19I,Spike_H146Q,M_Q19E,Spike_N440K,NSP4_T492I,Spike_N460K,Spike_N679K,Spike_N764K,E_T11A,NSP6_G107del,Spike_Y505H,Spike_D796Y,N_G204R,Spike_T478K,N_S413R,M_A63T,Spike_R346T,Spike_S371F,NSP3_D1121G,Spike_V445P,NS8_L118V,NSP13_R392C,Spike_K417N,Spike_L368I,Spike_T376A,NSP6_S106del,NS8_G8stop,Spike_F490S,Spike_F486P,Spike_R408S,NSP4_L438F,Spike_G339H,NSP14_I42V,NSP4_L264F,Spike_P681H,Spike_Y144del,Spike_V83A,NSP3_T24I,N_S33del,NSP1_S135R,Spike_S375F,Spike_D405N,Spike_Q498R,Spike_G446S,NSP13_S36P,Spike_Q183E,Spike_S477N,N_E31del,NSP15_T112I,NSP6_F108del,Spike_E484A,E_T9I,NSP1_K47R,Spike_P26del,NSP12_P323L,Spike_D614G,Spike_G252V)	Europe	France	Hauts-de-France	Douai	50.3675677	3.0804641	hCoV-19/France/HDF-IPP07693/2023|EPI_ISL_17383762|2023-03-20
hCoV-19/France/BRE-IPP08328/2023	EPI_ISL_17386227	2023-03-20	Europe / France / Bretagne / Melesse	Human	Original	Nasopharyngeal swab		Illumina NextSeq 500	CLC Genomics Suite	Gap of 4 nucleotide(s) found at refpos 27906 (Frameshift confirmed by the submitter). NS8_G8stop results in 94.2% truncation of the protein sequence. Gap of 60 nucleotides when compared to the reference WIV04 sequence.	info	XBB.1.5	GRA	(NSP5_P132H,NSP12_G671S,NSP3_G489S,Spike_L24del,NSP4_T327I,Spike_S373P,Spike_N969K,Spike_H655Y,N_R203K,Spike_G142D,Spike_A27S,Spike_Q954H,N_P13L,NSP3_V1583I,Spike_N501Y,Spike_P25del,N_R32del,Spike_V213E,NS3_T223I,Spike_T19I,Spike_H146Q,M_Q19E,Spike_N440K,NSP4_T492I,Spike_N460K,Spike_N679K,Spike_N764K,E_T11A,NSP3_E122G,NSP6_G107del,Spike_Y505H,Spike_D796Y,N_G204R,Spike_T478K,N_S413R,M_A63T,Spike_R346T,Spike_S371F,Spike_V445P,NSP13_R392C,Spike_K417N,Spike_L368I,Spike_T376A,NSP6_S106del,NS8_G8stop,Spike_F490S,Spike_F486P,Spike_R408S,NSP4_L438F,Spike_G339H,NSP14_I42V,NSP4_L264F,Spike_P681H,Spike_Y144del,Spike_V83A,NSP3_T24I,N_S33del,NSP1_S135R,Spike_S375F,Spike_D405N,Spike_Q498R,Spike_G446S,NSP13_S36P,Spike_Q183E,Spike_S477N,N_E31del,NSP15_T112I,NSP6_F108del,Spike_E484A,E_T9I,NSP1_K47R,Spike_P26del,NSP12_P323L,Spike_D614G,Spike_G252V)	Europe	France	Bretagne	Melesse	48.2175823	-1.6962403	hCoV-19/France/BRE-IPP08328/2023|EPI_ISL_17386227|2023-03-20
hCoV-19/France/IDF-IPP07983/2023	EPI_ISL_17386304	2023-03-20	Europe / France / Ile-de-France / L Isle-Adam	Human	Original	Nasopharyngeal swab		Illumina NextSeq 500	CLC Genomics Suite	Gap of 92 nucleotide(s) found at refpos 27554 (Frameshift confirmed by the submitter). NS8_G8stop results in 94.2% truncation of the protein sequence. Gap of 157 nucleotides when compared to the reference WIV04 sequence.	info	XBB.1.5	GRA	(NSP5_P132H,NS7a_V108M,NSP12_G671S,NSP3_G489S,Spike_L24del,NS7a_P84L,NSP4_T327I,Spike_S373P,Spike_N969K,Spike_H655Y,NS7a_F101L,NSP1_M85V,Spike_Q954H,N_P13L,NS7a_V82I,NS7a_F109L,Spike_N501Y,Spike_P25del,NS3_T223I,NS7a_A64S,NS7a_F65Y,Spike_T19I,NS7a_R89del,M_Q19E,NSP4_T492I,NS7a_P68G,Spike_N460K,NS7a_S83E,E_T11A,NSP6_G107del,NS7a_V93F,NS7a_A79D,NS8_G8stop,Spike_F490S,NS7a_K85S,Spike_F486P,Spike_R408S,NS7a_K72Y,Spike_V83A,NSP1_G82del,Spike_S375F,NS7a_F54del,Spike_Q498R,NS7a_A66C,NS7a_Q94Y,N_E31del,NSP15_T112I,NS7a_S60Q,NS7a_H73N,Spike_E484A,E_T9I,Spike_P26del,NSP12_P323L,Spike_D614G,NS7a_L77K,Spike_G252V,NS7a_V104L,NS7a_T115S,N_R203K,Spike_G142D,NS7a_V74T,Spike_A27S,NS7a_I103F,NS7a_R78K,NS7a_C58V,NS7a_E91del,NSP1_H83del,N_R32del,Spike_V213E,NS7a_G70S,NS7a_A55del,Spike_H146Q,Spike_N440K,NS7a_L96C,NS7a_L112F,NS7a_Y97F,Spike_N679K,NS7a_E92D,Spike_N764K,NS7a_C113W,NS7a_I88del,NS7a_K117E,Spike_Y505H,NSP1_V84del,Spike_D796Y,N_G204R,Spike_T478K,NS7a_A106L,N_S413R,NS7a_S98L,M_A63T,NS7a_P99A,NS7a_ins75LHT,Spike_R346T,Spike_S371F,Spike_V445P,NS7a_A105V,NSP13_R392C,Spike_K417N,Spike_L368I,NS7a_S81M,NS7a_E95L,Spike_T376A,NSP6_S106del,NSP4_L438F,Spike_G339H,NSP4_L264F,Spike_P681H,NS7a_Y75L,Spike_Y144del,NSP3_T24I,N_S33del,NSP1_S135R,Spike_D405N,Spike_G446S,NSP13_S36P,Spike_Q183E,NS7a_D69N,Spike_S477N,NS7a_F87I,NS7a_ins62GSSRTLLSN,NS7a_I100F,NSP6_F108del,NS7a_Q62R,NS7a_Q90del,NSP1_K47R,NS7a_T111I,NS7a_F59H)	Europe	France	Ile-de-France	L Isle-Adam	49.1125294	2.2186324	hCoV-19/France/IDF-IPP07983/2023|EPI_ISL_17386304|2023-03-20
hCoV-19/France/HDF-IPP08027/2023	EPI_ISL_17386329	2023-03-20	Europe / France / Hauts-de-France / Tourcoing	Human	Original	Nasopharyngeal swab		Illumina NextSeq 500	CLC Genomics Suite	Gap of 1 nucleotide(s) found at refpos 27406 (Frameshift confirmed by the submitter). Gap of 1 nucleotide(s) at refpos 27406 was previously seen. Gap of 100 nucleotides when compared to the reference WIV04 sequence.	info	XBB.1.5	GRA	(NSP5_P132H,NSP12_G671S,NSP3_G489S,Spike_L24del,NSP4_T327I,Spike_S373P,Spike_N969K,Spike_H655Y,N_R203K,Spike_G142D,Spike_A27S,Spike_Q954H,N_P13L,NSP1_H83del,Spike_N501Y,Spike_P25del,N_R32del,Spike_V213E,NS3_T223I,Spike_T19I,Spike_H146Q,M_Q19E,Spike_N440K,NSP4_T492I,Spike_N460K,Spike_N679K,Spike_N764K,E_T11A,NSP6_G107del,Spike_Y505H,NSP1_V84del,Spike_D796Y,N_G204R,Spike_T478K,N_S413R,NSP12_V257F,M_A63T,Spike_R346T,Spike_S371F,NSP1_M85del,Spike_V445P,NSP13_R392C,Spike_K417N,Spike_L368I,Spike_T376A,NSP6_S106del,Spike_F490S,Spike_F486P,Spike_R408S,NSP4_L438F,Spike_G339H,NSP14_I42V,NSP4_L264F,Spike_P681H,Spike_Y144del,Spike_V83A,NSP3_T24I,NSP1_G82del,N_S33del,NSP1_S135R,Spike_S375F,Spike_D405N,Spike_Q498R,Spike_G446S,NSP13_S36P,Spike_Q183E,Spike_S477N,N_E31del,NSP1_V86del,NSP15_T112I,NSP6_F108del,Spike_E484A,E_T9I,NSP1_K47R,Spike_P26del,NSP12_P323L,N_A50V,Spike_D614G,Spike_G252V)	Europe	France	Hauts-de-France	Tourcoing	50.7235038	3.1605714	hCoV-19/France/HDF-IPP08027/2023|EPI_ISL_17386329|2023-03-20
hCoV-19/France/BFC-IPP08038/2023	EPI_ISL_17386348	2023-03-20	Europe / France / Bourgogne-Franche-Comte / Cosne Sur Loire	Human	Original	Nasopharyngeal swab		Illumina NextSeq 500	CLC Genomics Suite	Gap of 1 nucleotide(s) found at refpos 10607 (Frameshift confirmed by the submitter). NS8_G8stop results in 94.2% truncation of the protein sequence. Gap of 57 nucleotides when compared to the reference WIV04 sequence.	info	XBB.1.5	GRA	(NSP5_P132H,M_L29F,NSP12_G671S,NSP3_G489S,Spike_L24del,NSP4_T327I,Spike_S373P,Spike_N969K,Spike_H655Y,N_R203K,Spike_G142D,Spike_A27S,Spike_Q954H,N_P13L,Spike_N501Y,Spike_P25del,N_R32del,Spike_V213E,NS3_T223I,Spike_T19I,NSP16_G77R,Spike_H146Q,M_Q19E,Spike_N440K,NSP4_T492I,Spike_N460K,Spike_N679K,Spike_N764K,NS7a_T28I,E_T11A,NSP6_G107del,Spike_Y505H,Spike_D796Y,N_G204R,Spike_T478K,N_S413R,M_A63T,Spike_R346T,Spike_S371F,Spike_V445P,NSP13_R392C,Spike_K417N,Spike_L368I,Spike_T376A,NSP6_S106del,NS8_G8stop,Spike_F490S,Spike_F486P,Spike_R408S,NSP4_L438F,Spike_G339H,NSP14_I42V,NSP4_L264F,Spike_P681H,Spike_Y144del,Spike_V83A,NSP3_T24I,N_S33del,NSP1_S135R,Spike_S375F,Spike_D405N,Spike_Q498R,Spike_G446S,NSP13_S36P,Spike_Q183E,Spike_S477N,N_E31del,NSP15_T112I,NSP6_F108del,Spike_E484A,E_T9I,NSP1_K47R,Spike_P26del,NSP12_P323L,Spike_D614G,Spike_G252V)	Europe	France	Bourgogne-Franche-Comte	Cosne Sur Loire	47.4139645	2.9319441	hCoV-19/France/BFC-IPP08038/2023|EPI_ISL_17386348|2023-03-20
hCoV-19/France/IDF-IPP08002/2023	EPI_ISL_17386351	2023-03-20	Europe / France / Ile-de-France / Colombes	Human	Original	Nasopharyngeal swab		Illumina NextSeq 500	CLC Genomics Suite	Gap of 76 nucleotide(s) found at refpos 27531 (Frameshift confirmed by the submitter). Gap of 76 nucleotide(s) at refpos 27531 was previously seen. NS8_G8stop results in 94.2% truncation of the protein sequence. Gap of 147 nucleotides when compared to the reference WIV04 sequence.	info	XBB.1.9	GRA	(NSP5_P132H,Spike_L24del,NSP3_G489S,NSP12_G671S,NSP4_T327I,Spike_S373P,Spike_N969K,Spike_H655Y,Spike_Q954H,NS7a_D51P,N_P13L,Spike_P25del,Spike_N501Y,NS3_T223I,Spike_T19I,M_Q19E,NSP4_T492I,Spike_N460K,E_T11A,NSP6_G107del,NS7a_A64K,NSP1_M85del,NS7a_A55H,NS8_G8stop,Spike_F490S,N_L219F,Spike_F486P,Spike_R408S,Spike_V83A,NSP1_G82del,Spike_S375F,Spike_Q613H,Spike_Q498R,NS3_R134I,N_E31del,NSP15_T112I,NS7a_L49Y,Spike_E484A,E_T9I,NS7a_V71I,Spike_P26del,NSP12_P323L,Spike_D614G,Spike_G252V,NS7a_F46L,N_R203K,Spike_G142D,Spike_A27S,NSP1_H83del,N_R32del,NS7a_ins47TSI,Spike_V213E,NS7a_P48S,Spike_H146Q,Spike_N440K,Spike_N679K,Spike_N764K,NS7a_H47N,Spike_Y505H,NSP1_V84del,Spike_D796Y,N_G204R,Spike_T478K,N_S413R,M_A63T,Spike_R346T,Spike_S371F,Spike_V445P,NSP13_R392C,Spike_K417N,Spike_L368I,NSP6_S106del,Spike_T376A,NS7a_K53Q,NSP4_L438F,Spike_G339H,NSP14_I42V,NSP4_L264F,Spike_P681H,Spike_Y144del,NS7a_A50V,NSP3_T24I,N_S33del,NSP1_S135R,NSP3_G1001S,NS7a_N52D,Spike_D405N,Spike_G446S,NSP13_S36P,Spike_Q183E,NSP13_P504L,Spike_S477N,NSP1_V86del,NS7a_F59S,NS7a_F63R,NSP6_F108del,NS7a_T57N,NSP1_K47R,NSP1_S100I,NS7a_Q62K,NSP9_T35I,NS7a_T61D)	Europe	France	Ile-de-France	Colombes	48.922788	2.2543577	hCoV-19/France/IDF-IPP08002/2023|EPI_ISL_17386351|2023-03-20
hCoV-19/France/BRE-IPP07814/2023	EPI_ISL_17386410	2023-03-20	Europe / France / Bretagne / Lannion	Human	Original	Nasopharyngeal swab		Illumina NextSeq 500	CLC Genomics Suite	Gap of 56 nucleotide(s) found at refpos 28063 (Frameshift confirmed by the submitter). NS8_G8stop results in 94.2% truncation of the protein sequence. Gap of 112 nucleotides when compared to the reference WIV04 sequence.	info	XBB.1.9	GRA	(NSP5_P132H,NSP12_G671S,NSP3_G489S,Spike_L24del,NSP4_T327I,Spike_S373P,Spike_N969K,Spike_H655Y,N_R203K,NSP2_G339S,Spike_G142D,Spike_A27S,Spike_Q954H,N_P13L,Spike_N501Y,Spike_P25del,N_R32del,Spike_V213E,NS3_T223I,Spike_T19I,Spike_H146Q,M_Q19E,Spike_N440K,NSP4_T492I,Spike_N460K,Spike_N679K,Spike_N764K,E_T11A,NSP6_G107del,Spike_Y505H,Spike_D796Y,N_G204R,Spike_T478K,N_S413R,M_A63T,NSP2_K618N,Spike_R346T,Spike_S371F,Spike_V445P,NSP13_R392C,Spike_K417N,Spike_L368I,Spike_T376A,NSP6_S106del,NS8_G8stop,Spike_F490S,Spike_F486P,Spike_R408S,NSP4_L438F,Spike_G339H,NSP14_I42V,NSP4_L264F,Spike_P681H,Spike_Y144del,Spike_V83A,NSP3_T24I,N_S33del,NSP1_S135R,Spike_S375F,NSP3_G1001S,Spike_D405N,Spike_Q498R,Spike_G446S,NSP13_S36P,Spike_Q183E,Spike_S477N,N_E31del,NSP15_T112I,NSP6_F108del,Spike_E484A,E_T9I,NSP1_K47R,Spike_P26del,NSP9_T35I,NSP12_P323L,Spike_D614G,Spike_G252V)	Europe	France	Bretagne	Lannion	48.7322183	-3.4587994	hCoV-19/France/BRE-IPP07814/2023|EPI_ISL_17386410|2023-03-20
hCoV-19/France/PDL-IPP07533/2023	EPI_ISL_17386522	2023-03-20	Europe / France / Pays de la Loire / Chateaubriant	Human	Original	Nasopharyngeal swab		Illumina NextSeq 500	CLC Genomics Suite	Insertion of 76 nucleotide(s) found at refpos 29482 (Frameshift confirmed by the submitter). NS8_G8stop results in 94.2% truncation of the protein sequence. Gap of 56 nucleotides when compared to the reference WIV04 sequence.	info	XBB.1.5	GRA	(NSP5_P132H,NSP12_G671S,NSP3_G489S,Spike_L24del,NSP4_T327I,Spike_S373P,Spike_N969K,Spike_H655Y,N_R203K,Spike_G142D,Spike_A27S,Spike_Q954H,N_P13L,Spike_N501Y,Spike_P25del,N_R32del,Spike_V213E,NS3_T223I,Spike_T19I,Spike_H146Q,M_Q19E,Spike_N440K,NSP4_T492I,Spike_N460K,Spike_N679K,Spike_N764K,E_T11A,NSP6_G107del,Spike_Y505H,Spike_D796Y,N_G204R,Spike_T478K,N_S413R,M_A63T,Spike_R346T,Spike_S371F,Spike_V445P,Spike_K417N,NSP13_R392C,Spike_L368I,Spike_T376A,NSP6_S106del,NS8_G8stop,Spike_F490S,Spike_F486P,Spike_R408S,NSP4_L438F,Spike_G339H,NSP14_I42V,NSP4_L264F,Spike_P681H,Spike_Y144del,Spike_V83A,NSP3_T24I,N_S33del,NSP1_S135R,Spike_S375F,Spike_D405N,Spike_Q498R,Spike_G446S,NSP13_S36P,Spike_Q183E,Spike_S477N,N_E31del,NSP15_T112I,NSP6_F108del,Spike_E484A,E_T9I,NSP1_K47R,Spike_P26del,NSP12_P323L,Spike_D614G,Spike_G252V)	Europe	France	Pays de la Loire	Chateaubriant	47.7194057	-1.3757282	hCoV-19/France/PDL-IPP07533/2023|EPI_ISL_17386522|2023-03-20
hCoV-19/Netherlands/NB-MVD-C2300499/2023	EPI_ISL_17390334	2023-03-20	Europe / Netherlands / Noord-Brabant	Human	Original			Illumina MiSeq	CLC Genomics Workbench 62	NS8_G8stop results in 94.2% truncation of the protein sequence. Gap of 27 nucleotides when compared to the reference WIV04 sequence.	info	XBB.1.5	GRA	(NSP5_P132H,NSP12_G671S,NSP3_G489S,Spike_L24del,NSP4_T327I,Spike_S373P,Spike_N969K,Spike_H655Y,N_R203K,Spike_A27S,Spike_Q954H,N_P13L,Spike_N501Y,Spike_P25del,N_R32del,Spike_V213E,NS3_T223I,Spike_T19I,M_Q19E,Spike_N440K,NSP4_T492I,Spike_N460K,Spike_N679K,Spike_N764K,E_T11A,NSP6_G107del,Spike_Y505H,Spike_D796Y,N_G204R,Spike_T478K,N_S413R,M_A63T,Spike_R346T,Spike_S371F,Spike_V445P,Spike_K417N,NSP13_R392C,Spike_L368I,Spike_T376A,NSP6_S106del,NS8_G8stop,Spike_F490S,Spike_F486P,Spike_R408S,NSP4_L438F,Spike_G339H,NSP14_I42V,NSP4_L264F,Spike_P681H,Spike_V83A,NSP3_T24I,N_S33del,NSP1_S135R,Spike_S375F,Spike_D405N,Spike_Q498R,Spike_G446S,NSP13_S36P,Spike_Q183E,Spike_S477N,N_E31del,NSP15_T112I,NSP6_F108del,Spike_E484A,E_T9I,NSP1_K47R,Spike_P26del,NSP12_P323L,Spike_D614G,Spike_G252V)	Europe	Netherlands	Noord-Brabant		51.6017723	5.4441391	hCoV-19/Netherlands/NB-MVD-C2300499/2023|EPI_ISL_17390334|2023-03-20
hCoV-19/Spain/MD-HRYC-12698830/2023	EPI_ISL_17390678	2023-03-28	Europe / Spain / Madrid	Human	Original			Illumina MiSeq		Gap of 1 nucleotide(s) found at refpos 28254 (Frameshift confirmed by the submitter). Gap of 1 nucleotide(s) at refpos 28254 occurred >=100 times in >=10 locations. NS8_G8stop results in 94.2% truncation of the protein sequence. Gap of 57 nucleotides when compared to the reference WIV04 sequence.	info	XBB.1.5	GRA	(NSP5_P132H,NSP12_G671S,NSP3_G489S,Spike_L24del,NSP4_T327I,Spike_S373P,Spike_N969K,Spike_H655Y,N_R203K,Spike_G142D,NSP1_M85V,Spike_A27S,Spike_Q954H,N_P13L,Spike_N501Y,Spike_P25del,N_R32del,Spike_V213E,NS3_T223I,Spike_T19I,Spike_H146Q,M_Q19E,Spike_N440K,NSP4_T492I,Spike_N460K,Spike_N679K,Spike_N764K,E_T11A,NSP6_G107del,Spike_Y505H,Spike_D796Y,N_G204R,Spike_T478K,N_S413R,M_A63T,Spike_R346T,Spike_S371F,Spike_V445P,NSP13_R392C,Spike_K417N,Spike_L368I,Spike_T376A,NSP6_S106del,NS8_G8stop,Spike_F490S,M_L87F,Spike_F486P,Spike_R408S,NSP4_L438F,Spike_G339H,NSP14_I42V,NSP4_L264F,Spike_P681H,Spike_Y144del,Spike_V83A,NSP3_T24I,N_S33del,NSP1_S135R,Spike_S375F,Spike_D405N,Spike_Q498R,Spike_G446S,NSP13_S36P,Spike_Q183E,Spike_S477N,N_E31del,NSP15_T112I,NSP6_F108del,Spike_E484A,Spike_T573I,E_T9I,NSP1_K47R,Spike_P26del,NSP12_P323L,Spike_D614G,Spike_G252V,NSP15_P270L)	Europe	Spain	Madrid		40.4167047	-3.7035825	hCoV-19/Spain/MD-HRYC-12698830/2023|EPI_ISL_17390678|2023-03-28
hCoV-19/Netherlands/DR-RIVM-128718/2023	EPI_ISL_17394108	2023-03-23	Europe / Netherlands / Drenthe	Human	Original			Nanopore MinION		Gap of 1 nucleotide(s) found at refpos 28254 (Frameshift confirmed by the submitter). Gap of 1 nucleotide(s) at refpos 28254 occurred >=100 times in >=10 locations. NS8_G8stop results in 94.2% truncation of the protein sequence. Gap of 57 nucleotides when compared to the reference WIV04 sequence.	info	XBB.1.9.1	GRA	(NSP5_P132H,Spike_T51I,NSP12_G671S,NSP3_G489S,Spike_L24del,N_T135N,NSP4_T327I,Spike_S373P,Spike_N969K,Spike_H655Y,N_R203K,Spike_G142D,Spike_A27S,NSP3_L944F,Spike_Q954H,N_P13L,Spike_N501Y,Spike_P25del,N_R32del,Spike_V213E,NS3_T223I,Spike_T19I,Spike_H146Q,M_Q19E,Spike_N440K,NSP4_T492I,Spike_N460K,Spike_N679K,Spike_N764K,E_T11A,NSP6_G107del,Spike_Y505H,Spike_D796Y,N_G204R,Spike_T478K,N_S413R,M_A63T,NSP16_D269G,Spike_R346T,NSP3_A1527V,Spike_S371F,Spike_V445P,NSP13_R392C,Spike_K417N,Spike_L368I,Spike_T376A,NSP6_S106del,NS8_G8stop,Spike_F490S,Spike_F486P,Spike_R408S,NSP4_L438F,Spike_G339H,NSP14_I42V,NSP4_L264F,Spike_P681H,Spike_Y144del,Spike_V83A,NSP3_T24I,N_S33del,NSP1_S135R,Spike_S375F,NSP3_G1001S,Spike_D405N,N_K370M,Spike_Q498R,Spike_G446S,NSP13_S36P,Spike_Q183E,Spike_S477N,N_E31del,NSP15_T112I,NSP6_F108del,Spike_E484A,E_T9I,NSP1_K47R,Spike_P26del,NSP9_T35I,NSP12_P323L,Spike_D614G,NSP2_C477Y,Spike_G252V)	Europe	Netherlands	Drenthe		52.9067922	6.6368423	hCoV-19/Netherlands/DR-RIVM-128718/2023|EPI_ISL_17394108|2023-03-23
hCoV-19/Netherlands/ZH-RIVM-128702/2023	EPI_ISL_17394199	2023-03-20	Europe / Netherlands / Zuid-Holland	Human	Original			Nanopore MinION		Insertion of 2 nucleotide(s) found at refpos 28250 (Frameshift confirmed by the submitter). NS8_G8stop results in 94.2% truncation of the protein sequence. Gap of 56 nucleotides when compared to the reference WIV04 sequence.	info	XBB.1.5	GRA	(NSP5_P132H,NS7b_F19L,NSP12_G671S,NSP3_G489S,Spike_L24del,NSP4_T327I,Spike_S373P,Spike_N969K,Spike_H655Y,N_R203K,Spike_G142D,Spike_A27S,Spike_Q954H,N_P13L,Spike_N501Y,Spike_P25del,N_R32del,Spike_V213E,NS3_T223I,NS8_P36L,Spike_T19I,Spike_H146Q,M_Q19E,Spike_N440K,NSP4_T492I,Spike_N460K,Spike_N679K,Spike_N764K,E_T11A,NSP6_G107del,Spike_Y505H,Spike_D796Y,N_G204R,Spike_T478K,N_S413R,M_A63T,Spike_R346T,Spike_S371F,NSP3_D1121G,Spike_V445P,NS8_L118V,NSP13_R392C,Spike_K417N,Spike_L368I,Spike_T376A,NSP6_S106del,NS8_G8stop,Spike_F490S,Spike_F486P,Spike_R408S,NSP4_L438F,Spike_G339H,NSP14_I42V,NSP4_L264F,Spike_P681H,Spike_Y144del,Spike_V83A,NSP3_T24I,N_S33del,NSP1_S135R,Spike_S375F,Spike_D405N,Spike_Q498R,Spike_G446S,NSP13_S36P,Spike_Q183E,Spike_S477N,N_E31del,NSP15_T112I,NSP6_F108del,Spike_E484A,E_T9I,NSP1_K47R,Spike_P26del,NSP14_V269I,NSP12_P323L,Spike_D614G,Spike_G252V)	Europe	Netherlands	Zuid-Holland		51.9966792	4.5597397	hCoV-19/Netherlands/ZH-RIVM-128702/2023|EPI_ISL_17394199|2023-03-20
hCoV-19/Austria/AGES-1131631/2023	EPI_ISL_17397834	2023-03-27	Europe / Austria / Vorarlberg	Human	Original			Oxford Nanopore MinION	minimap2, medaka	Gap of 27 nucleotides when compared to the reference WIV04 sequence.	info	BA.5.2.1	GRA	(NSP5_P132H,NSP12_G671S,NSP3_G489S,Spike_L24del,NSP4_T327I,Spike_S373P,Spike_N969K,Spike_H655Y,N_R203K,Spike_V213G,Spike_W152R,Spike_G142D,Spike_A27S,Spike_Q954H,N_P13L,Spike_N501Y,Spike_P25del,N_R32del,NS3_T223I,Spike_T19I,M_Q19E,Spike_N440K,NSP4_T492I,Spike_F157L,Spike_K147E,M_D3N,Spike_N679K,Spike_N764K,NSP6_G107del,Spike_Y505H,NSP3_V1243F,Spike_D796Y,N_G204R,Spike_T478K,N_S413R,NSP14_A430S,M_A63T,NSP3_D163G,Spike_R346T,Spike_S371F,Spike_G257S,Spike_K417N,NSP13_R392C,Spike_F486V,Spike_T376A,NSP6_S106del,Spike_I210V,Spike_R408S,NSP4_L438F,Spike_G339H,NSP14_I42V,NSP4_L264F,Spike_P681H,NSP3_T24I,N_S33del,NSP1_S135R,Spike_S375F,Spike_D405N,Spike_Q498R,Spike_S477N,N_E31del,NSP15_T112I,NSP6_F108del,Spike_E484A,E_T9I,Spike_P26del,NSP12_P323L,Spike_D614G,Spike_L452R,NSP8_N118S)	Europe	Austria	Vorarlberg		47.25	9.9166667	hCoV-19/Austria/AGES-1131631/2023|EPI_ISL_17397834|2023-03-27
hCoV-19/Austria/AGES-1131439/2023	EPI_ISL_17398463	2023-03-22	Europe / Austria / Burgenland	Human	Original			Oxford Nanopore MinION	minimap2, medaka	Gap of 27 nucleotides when compared to the reference WIV04 sequence.	info	CH.1.1.3	GRA	(NSP5_P132H,NSP12_G671S,NSP3_G489S,Spike_L24del,NSP4_T327I,Spike_S373P,Spike_N969K,Spike_H655Y,N_R203K,Spike_V213G,Spike_W152R,Spike_G142D,NSP2_L204F,NSP3_Q380K,NSP14_V182I,Spike_A27S,Spike_Q954H,N_P13L,Spike_N501Y,Spike_P25del,N_R32del,NS3_T223I,Spike_T19I,NSP2_I77V,M_Q19E,Spike_N440K,NSP4_T492I,Spike_N460K,Spike_F157L,NSP3_S403L,Spike_K147E,Spike_N679K,Spike_N764K,E_T11A,NSP6_G107del,Spike_Y505H,NSP16_Q28R,Spike_D796Y,M_S212G,N_G204R,Spike_T478K,N_S413R,NSP6_L260F,M_A63T,Spike_R346T,Spike_S371F,Spike_G257S,NSP13_R392C,Spike_K417N,Spike_T376A,NSP6_S106del,Spike_I210V,NSP2_V94I,Spike_R408S,NSP4_L438F,Spike_F486S,Spike_G339H,NSP14_I42V,NSP4_L264F,Spike_P681H,NSP3_T24I,N_S33del,NSP1_S135R,Spike_S375F,Spike_D405N,Spike_Q613H,Spike_Q498R,Spike_G446S,Spike_D215G,Spike_S477N,N_E31del,NSP2_R370H,NSP3_K1024R,NSP15_T112I,NSP6_F108del,Spike_E484A,E_T9I,Spike_K444T,Spike_P26del,NSP12_P323L,Spike_D614G,Spike_L452R,NSP8_N118S,NSP3_P822S)	Europe	Austria	Burgenland		47.5000001	16.4166666	hCoV-19/Austria/AGES-1131439/2023|EPI_ISL_17398463|2023-03-22
hCoV-19/Ireland/CN-NVRL-SIRL00015816/2023	EPI_ISL_17399239	2023-03-21	Europe / Ireland / Cavan	Human	Original	Nasopharyngeal and oropharyngeal swab		Oxford Nanopore MinION	ARTIC v3 Protocol	NS8_G8stop results in 94.2% truncation of the protein sequence. Gap of 9 nucleotides when compared to the reference WIV04 sequence.	info	CJ.1	GRA	(NSP5_P132H,Spike_Q52H,NSP12_G671S,NSP3_G489S,NSP4_T327I,Spike_S373P,Spike_N969K,Spike_H655Y,N_R203K,Spike_V213G,Spike_W152R,Spike_G142D,NSP3_Q380K,NSP14_V182I,Spike_Q954H,N_P13L,Spike_N501Y,N_R32del,NS3_T223I,Spike_T19I,M_Q19E,Spike_N440K,NSP4_T492I,Spike_N460K,Spike_F157L,NSP3_S403L,Spike_K147E,Spike_N679K,Spike_N764K,E_T11A,Spike_Y505H,Spike_D796Y,N_G204R,Spike_T478K,NS7b_D36N,N_S413R,M_A63T,Spike_R346T,NSP3_A358T,Spike_S371F,Spike_V445P,Spike_G257S,NSP13_R392C,Spike_K417N,Spike_L368I,Spike_T376A,NS8_G8stop,Spike_F490S,Spike_F486P,Spike_I210V,NSP12_I66S,Spike_R408S,NSP4_L438F,Spike_G339H,NSP14_I42V,NSP4_L264F,Spike_P681H,NSP3_T24I,N_S33del,NSP1_S135R,Spike_S375F,Spike_D405N,Spike_Q498R,Spike_G446S,Spike_S477N,N_E31del,NSP15_T112I,Spike_E484A,E_T9I,NSP1_K47R,NSP9_T35I,NSP12_P323L,Spike_D614G,NSP2_C477Y,NSP8_N118S)	Europe	Ireland	Cavan		54.03497495	-7.293702282558367	hCoV-19/Ireland/CN-NVRL-SIRL00015816/2023|EPI_ISL_17399239|2023-03-21
hCoV-19/Ireland/CO-NVRL-SIRL00015720/2023	EPI_ISL_17399243	2023-03-21	Europe / Ireland / Cork	Human	Original	Nasopharyngeal and oropharyngeal swab		Oxford Nanopore MinION	ARTIC v3 Protocol	NS8_G8stop results in 94.2% truncation of the protein sequence. Gap of 12 nucleotides when compared to the reference WIV04 sequence.	info	XBB.1.9.1	GRA	(NSP5_P132H,NSP12_G671S,NSP3_G489S,NSP4_T327I,Spike_S373P,Spike_N969K,Spike_H655Y,N_R203K,Spike_G142D,Spike_Q954H,N_P13L,Spike_N501Y,N_R32del,Spike_V213E,NS3_T223I,NSP2_L508F,Spike_T19I,Spike_H146Q,M_Q19E,Spike_N440K,NSP4_T492I,Spike_N460K,Spike_N679K,Spike_N764K,E_T11A,Spike_Y505H,Spike_D796Y,N_G204R,Spike_T478K,N_S413R,M_A63T,Spike_R346T,Spike_S371F,Spike_V445P,NSP13_R392C,Spike_K417N,Spike_L368I,Spike_T376A,NS8_G8stop,Spike_F490S,Spike_F486P,Spike_R408S,NSP4_L438F,Spike_G339H,NSP14_I42V,NSP4_L264F,Spike_P681H,Spike_Y144del,Spike_V83A,NSP3_T24I,N_S33del,Spike_S375F,NSP3_G1001S,Spike_D405N,Spike_Q498R,Spike_G446S,NSP13_S36P,Spike_Q183E,Spike_S477N,N_E31del,NSP15_T112I,Spike_E484A,E_T9I,NSP9_T35I,NSP12_P323L,Spike_D614G,Spike_G252V)	Europe	Ireland	Cork		51.897077	-8.4654674	hCoV-19/Ireland/CO-NVRL-SIRL00015720/2023|EPI_ISL_17399243|2023-03-21
hCoV-19/Ireland/CW-NVRL-SIRL00015708/2023	EPI_ISL_17399253	2023-03-21	Europe / Ireland / Carlow	Human	Original	Nasopharyngeal and oropharyngeal swab		Oxford Nanopore MinION	ARTIC v3 Protocol	Gap of 27 nucleotides when compared to the reference WIV04 sequence.	info	CH.1.1.5	GRA	(NSP5_P132H,NSP16_S33G,NSP12_G671S,NSP3_G489S,Spike_L24del,NSP4_T327I,Spike_S373P,Spike_N969K,Spike_H655Y,N_R203K,Spike_V213G,Spike_W152R,Spike_G142D,NSP3_Q380K,NSP14_V182I,Spike_A27S,Spike_Q954H,NSP15_S147I,N_P13L,Spike_N501Y,Spike_P25del,N_R32del,NS3_T223I,N_T271I,M_Q19E,Spike_N440K,NSP4_T492I,Spike_N460K,Spike_F157L,NSP3_S403L,Spike_K147E,Spike_N679K,Spike_N764K,E_T11A,NSP6_G107del,Spike_Y505H,NSP16_Q28R,Spike_D796Y,N_G204R,Spike_T478K,N_S413R,M_A63T,NSP3_I1059T,Spike_R346T,Spike_S371F,Spike_G257S,NSP13_R392C,Spike_K417N,Spike_T376A,NSP6_S106del,Spike_I210V,Spike_R408S,NSP4_L438F,Spike_F486S,Spike_G339H,NSP14_I42V,NSP4_L264F,Spike_P681H,NSP3_T24I,N_S33del,NSP1_S135R,Spike_S375F,Spike_D405N,Spike_Q498R,Spike_G446S,Spike_S477N,N_E31del,NSP15_T112I,NSP6_F108del,Spike_E484A,E_T9I,Spike_K444T,Spike_P26del,NSP12_P323L,Spike_D614G,Spike_L452R,NSP8_N118S,NSP3_P822S)	Europe	Ireland	Carlow		52.69078865	-6.825145150844913	hCoV-19/Ireland/CW-NVRL-SIRL00015708/2023|EPI_ISL_17399253|2023-03-21
hCoV-19/Ireland/WW-NVRL-SIRL00016126/2023	EPI_ISL_17399261	2023-03-22	Europe / Ireland / Wicklow	Human	Original	Nasopharyngeal and oropharyngeal swab		Oxford Nanopore MinION	ARTIC v3 Protocol	NS8_G8stop results in 94.2% truncation of the protein sequence. Gap of 12 nucleotides when compared to the reference WIV04 sequence.	info	BA.2	GRA	(Spike_N185D,NS7b_F19L,NSP2_A247V,NSP3_G489S,NSP4_T327I,Spike_N969K,N_R203K,Spike_W152R,Spike_G142D,NSP3_Q380K,NSP14_V182I,Spike_Q954H,N_P13L,N_R32del,Spike_V213E,NS3_T223I,NS3_A110V,Spike_T19I,Spike_H146Q,M_Q19E,NSP4_T492I,Spike_F157L,NSP3_S403L,Spike_K147E,Spike_N679K,Spike_N764K,E_T11A,Spike_D796Y,N_G204R,M_A63T,NSP15_K89R,Spike_G257S,NS8_G8stop,Spike_I210V,Spike_G339H,NSP4_L438F,NSP14_I42V,NSP4_L264F,Spike_P681H,Spike_Y144del,Spike_V83A,N_S33del,NSP13_S36P,Spike_Q183E,NSP8_T148I,N_E31del,NSP15_T112I,E_T9I,NSP12_P323L,NSP8_N118S,Spike_G252V)	Europe	Ireland	Wicklow		52.95814675	-6.381970708677661	hCoV-19/Ireland/WW-NVRL-SIRL00016126/2023|EPI_ISL_17399261|2023-03-22
hCoV-19/Ireland/WH-NVRL-SIRL00016077/2023	EPI_ISL_17399266	2023-03-22	Europe / Ireland / Westmeath	Human	Original	Nasopharyngeal and oropharyngeal swab		Oxford Nanopore MinION	ARTIC v3 Protocol	Gap of 9 nucleotides when compared to the reference WIV04 sequence.	info	BA.2	GRA	(NSP5_P132H,Spike_S371F,Spike_V445P,NSP12_G671S,NSP13_R392C,Spike_K417N,Spike_L368I,Spike_S373P,NSP6_S106del,Spike_T376A,Spike_H655Y,N_R203K,Spike_F490S,Spike_F486P,Spike_R408S,Spike_N501Y,Spike_G339H,Spike_P681H,NSP4_L264F,NSP9_T24N,NSP3_T24I,Spike_N440K,NSP1_S135R,Spike_S375F,Spike_N460K,Spike_D405N,Spike_Q498R,Spike_G446S,Spike_N679K,Spike_S477N,NSP6_G107del,Spike_Y505H,NSP6_F108del,Spike_E484A,N_G204R,Spike_T478K,N_S413R,NSP1_K47R,NSP12_P412S,Spike_D614G,Spike_R346T)	Europe	Ireland	Westmeath		53.5577902	-7.347855826009757	hCoV-19/Ireland/WH-NVRL-SIRL00016077/2023|EPI_ISL_17399266|2023-03-22
hCoV-19/Ireland/MH-NVRL-SIRL00016151/2023	EPI_ISL_17399274	2023-03-22	Europe / Ireland / Meath	Human	Original	Nasopharyngeal and oropharyngeal swab		Oxford Nanopore MinION	ARTIC v3 Protocol	NS8_G8stop results in 94.2% truncation of the protein sequence. Gap of 21 nucleotides when compared to the reference WIV04 sequence.	info	XBB.1	GRA	(NSP5_P132H,NSP12_G671S,NSP3_G489S,NSP4_T327I,Spike_S373P,Spike_N969K,Spike_H655Y,N_R203K,Spike_G142D,Spike_Q954H,N_P13L,Spike_N501Y,N_R32del,Spike_V213E,NS3_T223I,Spike_T19I,Spike_H146Q,M_Q19E,Spike_N440K,NSP4_T492I,Spike_N460K,Spike_N679K,Spike_N764K,E_T11A,NSP6_G107del,Spike_Y505H,Spike_D796Y,N_G204R,Spike_T478K,N_S413R,M_A63T,Spike_R346T,Spike_S371F,Spike_V445P,NSP13_R392C,Spike_K417N,Spike_L368I,Spike_T376A,NSP6_S106del,NS8_G8stop,Spike_F490S,Spike_F486P,Spike_R408S,NSP4_L438F,Spike_G339H,NSP14_I42V,NSP4_L264F,Spike_P681H,NSP16_L183F,Spike_Y144del,Spike_V83A,NSP3_T24I,N_S33del,NSP1_S135R,Spike_S375F,Spike_D405N,Spike_Q498R,Spike_G446S,NSP13_S36P,Spike_Q183E,Spike_S477N,N_E31del,NSP15_T112I,NSP6_F108del,Spike_E484A,E_T9I,NSP1_K47R,NSP12_P323L,Spike_D614G,Spike_G252V)	Europe	Ireland	Meath		53.6497577	-6.588530730754936	hCoV-19/Ireland/MH-NVRL-SIRL00016151/2023|EPI_ISL_17399274|2023-03-22
hCoV-19/Ireland/TA-NVRL-SIRL00016162/2023	EPI_ISL_17399301	2023-03-22	Europe / Ireland / Tipperary	Human	Original	Nasopharyngeal and oropharyngeal swab		Oxford Nanopore MinION	ARTIC v3 Protocol	NS8_G8stop results in 94.2% truncation of the protein sequence. NS8_E59stop results in 52.1% truncation of the protein sequence. Gap of 25 nucleotides when compared to the reference WIV04 sequence.	info	XBB.1	GRA	(NSP5_P132H,NSP12_G671S,NSP3_G489S,NSP4_T327I,Spike_S373P,Spike_N969K,Spike_H655Y,N_R203K,Spike_G142D,Spike_Q954H,N_P13L,Spike_N501Y,N_R32del,Spike_V213E,NS3_T223I,Spike_T19I,M_Q19E,Spike_N440K,NSP4_T492I,Spike_N460K,NS8_E59stop,Spike_N679K,Spike_N764K,E_T11A,NSP6_G107del,Spike_Y505H,NS3_E194K,Spike_L858I,Spike_D796Y,N_G204R,Spike_T478K,N_S413R,M_A63T,Spike_R346T,Spike_S371F,Spike_V445P,NSP13_R392C,Spike_K417N,Spike_L368I,Spike_T376A,NSP6_S106del,NS8_G8stop,NSP5_F223L,Spike_F490S,Spike_F486P,Spike_R408S,NSP4_L438F,Spike_G339H,NSP14_I42V,NSP4_L264F,Spike_P681H,Spike_Y144del,Spike_V83A,NSP3_T24I,N_S33del,NSP1_S135R,Spike_S375F,Spike_D405N,Spike_Q498R,Spike_G446S,NSP13_S36P,Spike_Q183E,Spike_S477N,N_E31del,NSP15_T112I,N_T205I,NSP6_F108del,Spike_E484A,E_T9I,NSP1_K47R,NSP9_T35I,NSP12_P323L,Spike_D614G,Spike_G252V)	Europe	Ireland	Tipperary		52.68482145	-7.898127531345582	hCoV-19/Ireland/TA-NVRL-SIRL00016162/2023|EPI_ISL_17399301|2023-03-22
hCoV-19/Ireland/KK-NVRL-SIRL00016129/2023	EPI_ISL_17399302	2023-03-22	Europe / Ireland / Kilkenny	Human	Original	Nasopharyngeal and oropharyngeal swab		Oxford Nanopore MinION	ARTIC v3 Protocol	NS8_G8stop results in 94.2% truncation of the protein sequence. Gap of 27 nucleotides when compared to the reference WIV04 sequence.	info	XBB.1.9.1	GRA	(NSP5_P132H,NSP12_G671S,NSP3_G489S,Spike_L24del,NSP4_T327I,Spike_S373P,Spike_N969K,Spike_H655Y,N_R203K,NSP2_N209S,Spike_G142D,Spike_A27S,Spike_Q954H,N_P13L,Spike_N501Y,Spike_P25del,N_R32del,Spike_V213E,NS3_T223I,Spike_H146Q,M_Q19E,Spike_N440K,NSP4_T492I,Spike_N460K,Spike_N679K,Spike_N764K,E_T11A,NSP6_G107del,Spike_Y505H,Spike_D796Y,N_G204R,Spike_T478K,N_S413R,M_A63T,Spike_R346T,NSP12_T226M,Spike_S371F,Spike_V445P,NSP13_R392C,Spike_K417N,Spike_L368I,Spike_T376A,NSP6_S106del,NS8_G8stop,NSP5_F223L,Spike_F490S,Spike_Y144F,Spike_F486P,Spike_R408S,NSP4_L438F,Spike_G339H,NSP14_I42V,NSP4_L264F,Spike_P681H,Spike_V83A,NSP3_T24I,N_S33del,NSP1_S135R,Spike_S375F,NSP3_G1001S,Spike_D405N,Spike_Q498R,Spike_G446S,NSP13_S36P,Spike_Q183E,Spike_S477N,N_E31del,NSP15_T112I,NSP6_F108del,Spike_E484A,E_T9I,NSP1_K47R,Spike_P26del,NSP9_T35I,NSP12_P323L,Spike_D614G,Spike_G252V)	Europe	Ireland	Kilkenny		52.6510216	-7.2484948	hCoV-19/Ireland/KK-NVRL-SIRL00016129/2023|EPI_ISL_17399302|2023-03-22
hCoV-19/Ireland/SO-NVRL-SIRL00016643/2023	EPI_ISL_17399314	2023-03-25	Europe / Ireland / Sligo	Human	Original	Nasopharyngeal and oropharyngeal swab		Oxford Nanopore MinION	ARTIC v3 Protocol	Gap of 18 nucleotides when compared to the reference WIV04 sequence.	info	CJ.1.1	GRA	(NSP5_P132H,Spike_N185D,NSP12_G671S,NSP3_G489S,NSP2_A247V,NSP4_T327I,Spike_S373P,Spike_N969K,Spike_H655Y,N_R203K,Spike_V213G,Spike_W152R,Spike_G142D,NSP3_Q380K,NSP14_V182I,Spike_Q954H,N_P13L,Spike_N501Y,N_R32del,NS3_T223I,NS3_A110V,Spike_T19I,M_Q19E,Spike_N440K,NSP4_T492I,Spike_N460K,Spike_F157L,NSP3_S403L,Spike_K147E,Spike_N679K,Spike_N764K,E_T11A,NSP6_G107del,Spike_Y505H,Spike_D796Y,N_G204R,Spike_T478K,N_S413R,M_A63T,NSP15_K89R,Spike_R346T,Spike_S371F,Spike_V445P,Spike_G257S,NSP13_R392C,Spike_K417N,Spike_L368I,Spike_T376A,NSP6_S106del,Spike_F490S,Spike_F486P,Spike_I210V,Spike_R408S,NSP4_L438F,Spike_G339H,NSP14_I42V,NSP4_L264F,Spike_P681H,NSP3_T24I,N_S33del,NSP1_S135R,Spike_S375F,Spike_D405N,Spike_Q498R,Spike_G446S,Spike_S477N,N_E31del,NSP15_T112I,NSP6_F108del,Spike_E484A,E_T9I,NSP1_K47R,NSP12_P323L,Spike_D614G,NSP8_N118S,NSP12_V231I)	Europe	Ireland	Sligo		54.2720696	-8.4751357	hCoV-19/Ireland/SO-NVRL-SIRL00016643/2023|EPI_ISL_17399314|2023-03-25
hCoV-19/Austria/AGES-1131809/2023	EPI_ISL_17400218	2023-03-28	Europe / Austria / Salzburg	Human	Original			Oxford Nanopore GridION	minimap2, medaka	NS8_G8stop results in 94.2% truncation of the protein sequence. Gap of 27 nucleotides when compared to the reference WIV04 sequence.	info	XBB.1.5	GRA	(NSP5_P132H,NSP12_G671S,NSP3_G489S,Spike_L24del,NSP4_T327I,Spike_S373P,Spike_N969K,Spike_H655Y,N_R203K,Spike_G142D,Spike_A27S,Spike_Q954H,N_P13L,Spike_N501Y,Spike_P25del,N_R32del,Spike_V213E,NS3_T223I,Spike_T19I,M_Q19E,Spike_N440K,NSP4_T492I,Spike_N460K,NSP2_N98S,Spike_N679K,Spike_N764K,E_T11A,NSP6_G107del,Spike_Y505H,Spike_D796Y,N_G204R,NSP15_S243I,Spike_T478K,N_S413R,M_A63T,Spike_R346T,Spike_S371F,Spike_V445P,Spike_K417N,NSP13_R392C,Spike_L368I,Spike_T376A,NSP6_S106del,NS8_G8stop,Spike_F490S,Spike_F486P,Spike_R408S,NSP4_L438F,Spike_G339H,NSP14_I42V,NSP4_L264F,Spike_P681H,Spike_V83A,NSP3_T24I,N_S33del,NSP1_S135R,Spike_S375F,Spike_D405N,Spike_Q498R,Spike_G446S,NSP13_S36P,Spike_Q183E,Spike_S477N,N_E31del,Spike_K1045R,NSP15_T112I,NSP6_F108del,Spike_E484A,E_T9I,NS3_L101F,Spike_P26del,NSP12_P323L,Spike_D614G,Spike_G252V)	Europe	Austria	Salzburg		47.7981346	13.0464806	hCoV-19/Austria/AGES-1131809/2023|EPI_ISL_17400218|2023-03-28
hCoV-19/Austria/AGES-1131969/2023	EPI_ISL_17400809	2023-03-20	Europe / Austria / Styria	Human	Original			Oxford Nanopore GridION	minimap2, medaka	Gap of 27 nucleotides when compared to the reference WIV04 sequence.	info	CH.1.1.3	GRA	(NSP5_P132H,NSP3_R1868H,NSP12_G671S,NSP3_G489S,Spike_L24del,NSP4_T327I,Spike_S373P,Spike_N969K,Spike_H655Y,N_R203K,Spike_V213G,Spike_W152R,Spike_G142D,NSP3_Q380K,NSP14_V182I,Spike_A27S,Spike_Q954H,N_P13L,NSP3_S1375F,Spike_N501Y,Spike_P25del,N_R32del,NS3_T223I,Spike_T19I,M_Q19E,Spike_N440K,NSP4_T492I,Spike_N460K,Spike_F157L,NSP3_S403L,Spike_K147E,Spike_N679K,Spike_N764K,E_T11A,NSP6_G107del,Spike_Y505H,NSP2_L24I,NSP16_Q28R,NS8_S67F,Spike_D796Y,N_G204R,Spike_T478K,N_S413R,M_A63T,Spike_R346T,Spike_S371F,Spike_G257S,NSP13_R392C,Spike_K417N,Spike_T376A,NSP6_S106del,Spike_I210V,Spike_R408S,NSP4_L438F,Spike_F486S,Spike_G339H,NSP14_I42V,NSP4_L264F,Spike_P681H,NSP3_T24I,N_S33del,NSP1_S135R,Spike_S375F,Spike_D405N,Spike_Q498R,Spike_G446S,Spike_S477N,NSP14_Q145R,N_E31del,NSP15_T112I,NSP6_F108del,Spike_E484A,E_T9I,Spike_K444T,Spike_P26del,NSP12_P323L,Spike_D614G,Spike_L452R,NSP8_N118S,NSP3_P822S)	Europe	Austria	Styria		47.2500001	15.1666665	hCoV-19/Austria/AGES-1131969/2023|EPI_ISL_17400809|2023-03-20
hCoV-19/Italy/PAB_SABES_4880001546/2023	EPI_ISL_17401346	2023-03-25	Europe / Italy / P.A. Bolzano	Human	Original	Nasopharyngeal swab		unknown	Consensus	Gap of 27 nucleotides when compared to the reference WIV04 sequence.	info	XBF	GRA	(NSP5_P132H,NSP8_V44A,NSP12_G671S,NSP3_G489S,Spike_L24del,NSP4_T327I,Spike_S373P,Spike_N969K,Spike_H655Y,N_R203K,Spike_V213G,Spike_W152R,Spike_G142D,NSP14_V182I,Spike_A27S,Spike_Q954H,N_P13L,Spike_N501Y,Spike_P25del,N_R32del,NS3_T223I,Spike_T19I,M_Q19E,Spike_N440K,NSP4_T492I,Spike_N460K,Spike_F157L,Spike_K147E,Spike_N679K,Spike_N764K,E_T11A,NSP6_G107del,Spike_Y505H,Spike_D796Y,N_G204R,Spike_T478K,N_S413R,M_A63T,Spike_R346T,NSP3_T1793I,Spike_S371F,Spike_G257S,NSP13_R392C,Spike_K417N,N_G120A,Spike_T376A,NSP6_S106del,Spike_F490S,Spike_F486P,Spike_I210V,Spike_R408S,NSP4_L438F,Spike_G339H,NSP14_I42V,NSP4_L264F,Spike_P681H,NSP3_V207A,NSP3_T24I,N_S33del,NSP1_S135R,Spike_S375F,Spike_I1216T,Spike_D405N,Spike_Q498R,Spike_G446S,NSP1_K120N,Spike_S477N,N_E31del,NSP15_T112I,NSP6_F108del,Spike_E484A,E_T9I,Spike_P26del,NSP12_P323L,Spike_D614G,NSP8_N118S)	Europe	Italy	P.A. Bolzano		46.4032416	11.3187372	hCoV-19/Italy/PAB_SABES_4880001546/2023|EPI_ISL_17401346|2023-03-25
hCoV-19/Germany/BB-RKI-I-1128244/2023	EPI_ISL_17406930	2023-03-21	Europe / Germany / Brandenburg	Human	Original			Oxford Nanopore		Gap of 27 nucleotides when compared to the reference WIV04 sequence.	info	BN.3.1	GRA	(NSP5_P132H,NSP12_G671S,NSP3_G489S,Spike_L24del,NSP4_T327I,Spike_S373P,NSP2_I387V,Spike_N969K,Spike_H655Y,N_R203K,NSP4_L15F,Spike_V213G,Spike_W152R,Spike_G142D,Spike_A27S,NSP3_K1042R,Spike_Q954H,N_P13L,Spike_N501Y,Spike_P25del,N_R32del,NS3_T223I,Spike_T19I,M_Q19E,Spike_N440K,NSP4_T492I,Spike_N460K,Spike_F157L,NSP3_S403L,Spike_K147E,Spike_N679K,Spike_N764K,E_T11A,NSP6_G107del,Spike_Y505H,Spike_D796Y,N_G204R,Spike_T478K,N_S413R,M_A63T,NSP16_T140I,Spike_S371F,NSP2_G212D,N_A359S,Spike_G257S,Spike_N450D,NSP13_R392C,Spike_K417N,Spike_T376A,NSP6_S106del,Spike_F490S,NSP13_T111I,Spike_I210V,Spike_K356T,Spike_R408S,NSP4_L438F,Spike_G339H,NSP14_I42V,NSP4_L264F,Spike_P681H,NSP3_T24I,N_S33del,NSP1_S135R,Spike_S375F,Spike_D405N,Spike_Q498R,Spike_G446S,Spike_S477N,N_E31del,NSP15_T112I,NSP6_F108del,NSP2_I491L,Spike_E484A,E_T9I,Spike_P26del,NSP12_P323L,Spike_D614G,NSP8_N118S,NSP3_P822S)	Europe	Germany	Brandenburg		52.8455492	13.2461296	hCoV-19/Germany/BB-RKI-I-1128244/2023|EPI_ISL_17406930|2023-03-21
hCoV-19/Germany/HE-RKI-I-1129406/2023	EPI_ISL_17407924	2023-03-25	Europe / Germany / Hesse	Human	Original			Illumina		Gap of 27 nucleotides when compared to the reference WIV04 sequence.	info	CH.1.1	GRA	(NSP5_P132H,NSP12_G671S,NSP3_G489S,Spike_L24del,NSP4_T327I,Spike_S373P,Spike_N969K,Spike_H655Y,N_R203K,Spike_W152R,Spike_G142D,NSP3_Q380K,NSP14_V182I,Spike_A27S,Spike_Q954H,N_P13L,Spike_N501Y,Spike_P25del,N_R32del,Spike_T19I,M_Q19E,Spike_N440K,NSP4_T492I,Spike_N460K,Spike_F157L,NSP3_S403L,Spike_K147E,Spike_N679K,Spike_N764K,E_T11A,NSP6_G107del,Spike_Y505H,NSP16_Q28R,Spike_D796Y,N_G204R,Spike_T478K,M_A63T,Spike_R346T,Spike_S371F,Spike_G257S,NSP13_R392C,Spike_K417N,Spike_T376A,NSP6_S106del,NSP4_L438F,Spike_F486S,Spike_G339H,NSP14_I42V,NSP4_L264F,Spike_P681H,NSP3_T24I,N_S33del,NSP1_S135R,Spike_S375F,Spike_D405N,Spike_Q498R,Spike_G446S,Spike_S477N,N_E31del,NSP15_T112I,NSP6_F108del,Spike_E484A,E_T9I,Spike_K444T,Spike_P26del,NSP12_P323L,Spike_D614G,Spike_L452R,NSP8_N118S,NSP3_P822S)	Europe	Germany	Hesse		50.6080651	9.0284647	hCoV-19/Germany/HE-RKI-I-1129406/2023|EPI_ISL_17407924|2023-03-25
hCoV-19/Germany/TH-RKI-I-1129651/2023	EPI_ISL_17408127	2023-03-24	Europe / Germany / Thuringia	Human	Original			Illumina		Gap of 27 nucleotides when compared to the reference WIV04 sequence.	info	XBK	GRA	(NSP5_P132H,NSP12_G671S,NSP3_G489S,Spike_L24del,NSP4_T327I,Spike_S373P,Spike_N969K,Spike_H655Y,N_R203K,Spike_W152R,Spike_G142D,NSP14_V182I,Spike_A27S,NS3_L106F,N_P13L,Spike_N501Y,Spike_P25del,N_R32del,Spike_T19I,M_Q19E,Spike_N440K,NSP4_T492I,Spike_N460K,Spike_F157L,NSP3_S403L,Spike_K147E,Spike_N679K,Spike_N764K,E_T11A,NSP6_G107del,Spike_Y505H,Spike_D796Y,N_G204R,Spike_T478K,M_A63T,Spike_R346T,NSP2_V379M,Spike_S371F,Spike_G257S,Spike_K417N,NSP13_R392C,Spike_T376A,NSP6_S106del,Spike_F490S,Spike_F486P,Spike_P1162S,NSP4_L438F,Spike_G339H,NSP14_I42V,NSP4_L264F,Spike_P681H,NSP3_T24I,N_S33del,NSP1_S135R,Spike_S375F,Spike_D405N,Spike_Q498R,Spike_G446S,N_E31del,NSP15_T112I,NSP6_F108del,Spike_E484A,E_T9I,Spike_P26del,NSP12_P323L,Spike_D614G,NSP8_N118S,NSP3_P822S,NSP12_D418E)	Europe	Germany	Thuringia		50.9014721	11.0377839	hCoV-19/Germany/TH-RKI-I-1129651/2023|EPI_ISL_17408127|2023-03-24
hCoV-19/Germany/HH-RKI-I-1129724/2023	EPI_ISL_17408195	2023-03-24	Europe / Germany / Hamburg	Human	Original	Nasopharyngeal swab		Illumina		NS8_G8stop results in 94.2% truncation of the protein sequence. Gap of 18 nucleotides when compared to the reference WIV04 sequence.	info	XBB.1	GRA	(NSP5_P132H,NSP12_G671S,NSP3_G489S,Spike_L24del,NSP4_T327I,Spike_S373P,Spike_H655Y,Spike_N969K,N_R203K,Spike_G142D,Spike_A27S,Spike_Q954H,N_P13L,Spike_N501Y,Spike_P25del,Spike_V213E,NS3_T223I,Spike_T19I,M_Q19E,Spike_N440K,NSP4_T492I,Spike_N460K,NSP4_T62I,Spike_N679K,Spike_N764K,E_T11A,NSP6_G107del,Spike_Y505H,Spike_D796Y,N_G204R,Spike_T478K,N_S413R,M_A63T,Spike_R346T,Spike_S371F,Spike_V445P,NSP13_R392C,Spike_K417N,Spike_L368I,Spike_T376A,NSP10_A32V,NSP6_S106del,Spike_E1111Q,NS8_G8stop,Spike_F490S,Spike_F486P,Spike_R408S,NSP4_L438F,Spike_G339H,NSP14_I42V,NSP4_L264F,Spike_P681H,Spike_V83A,NSP3_T24I,NSP1_S135R,Spike_S375F,Spike_D405N,Spike_Q498R,Spike_G446S,NSP13_S36P,Spike_Q183E,Spike_S477N,NSP15_T112I,NSP6_F108del,Spike_E484A,E_T9I,NSP1_K47R,Spike_P26del,NSP12_P323L,Spike_D614G,Spike_G252V)	Europe	Germany	Hamburg		53.550341	10.000654	hCoV-19/Germany/HH-RKI-I-1129724/2023|EPI_ISL_17408195|2023-03-24
hCoV-19/France/OCC-CHU-TLS-6003743587/2023	EPI_ISL_17408396	2023-03-25	Europe / France / Occitanie / Haute-Garonne	Human	Original	Nasopharyngeal swab		Pacific Biosciences Sequel IIe	Minimap2, CoSA	Gap of 27 nucleotides when compared to the reference WIV04 sequence.	info	CH.1.1.3	GRA	(NSP5_P132H,NSP12_G671S,NSP3_G489S,Spike_L24del,NSP4_T327I,Spike_S373P,Spike_N969K,Spike_H655Y,N_R203K,Spike_V213G,Spike_W152R,Spike_G142D,NSP3_Q380K,NSP14_V182I,Spike_A27S,Spike_Q954H,Spike_A846V,N_P13L,Spike_N501Y,Spike_P25del,N_R32del,NS3_T223I,Spike_T19I,M_Q19E,Spike_N440K,NSP4_T492I,Spike_N460K,Spike_F157L,NSP3_S403L,Spike_K147E,Spike_N679K,Spike_N764K,E_T11A,NSP6_G107del,Spike_Y505H,NSP16_Q28R,Spike_D796Y,N_G204R,Spike_T478K,N_S413R,M_A63T,Spike_R346T,Spike_S371F,Spike_G257S,NSP13_R392C,Spike_K417N,Spike_T376A,NSP6_S106del,Spike_I210V,Spike_R408S,NSP4_L438F,Spike_F486S,Spike_G339H,NSP14_I42V,NSP4_L264F,Spike_P681H,NSP3_T24I,N_S33del,NSP1_S135R,Spike_S375F,Spike_D405N,Spike_Q498R,Spike_G446S,Spike_S477N,N_E31del,NSP15_T112I,NSP6_F108del,Spike_E484A,E_T9I,Spike_K444T,Spike_P26del,NSP12_P323L,Spike_D614G,Spike_L452R,NSP8_N118S,NSP3_P822S)	Europe	France	Occitanie	Haute-Garonne	43.3054546	0.9716791701901576	hCoV-19/France/OCC-CHU-TLS-6003743587/2023|EPI_ISL_17408396|2023-03-25
hCoV-19/Luxembourg/LNS3733972/2023	EPI_ISL_17411298	2023-03-20	Europe / Luxembourg	Human	Original			Illumina MiSeqDx (2x151bp, WGS Amplicon, LNS primer scheme)	Bowtie2, IVar	Gap of 27 nucleotides when compared to the reference WIV04 sequence.	info	XBF	GRA	(NSP5_P132H,NSP12_G671S,NSP3_G489S,Spike_L24del,NSP4_T327I,Spike_S373P,Spike_N969K,Spike_H655Y,N_R203K,Spike_V213G,Spike_W152R,Spike_G142D,NSP14_V182I,Spike_A27S,Spike_Q954H,NSP14_S134A,N_P13L,Spike_N501Y,Spike_P25del,N_R32del,NS3_T223I,Spike_T19I,M_Q19E,Spike_N440K,NSP4_T492I,Spike_N460K,Spike_F157L,NSP13_H164Y,Spike_K147E,Spike_N679K,Spike_N764K,E_T11A,NSP6_G107del,Spike_Y505H,Spike_D796Y,N_G204R,NSP3_P153L,Spike_T478K,N_S413R,M_A63T,NSP5_K90R,Spike_R346T,Spike_S371F,Spike_G257S,NSP13_R392C,Spike_K417N,Spike_T376A,NSP6_S106del,Spike_F490S,Spike_F486P,Spike_I210V,Spike_R408S,NSP4_L438F,Spike_G339H,NSP14_I42V,NSP4_L264F,Spike_P681H,NSP3_V207A,NSP3_T24I,N_S33del,NSP1_S135R,Spike_S375F,Spike_D405N,Spike_Q498R,Spike_G446S,NSP1_K120N,Spike_S477N,N_E31del,NSP15_T112I,NSP6_F108del,Spike_P1162L,Spike_E484A,E_T9I,Spike_P26del,NSP9_T35I,NSP12_P323L,Spike_N148S,Spike_D614G,NSP8_N118S)	Europe	Luxembourg			49.8158683	6.1296751	hCoV-19/Luxembourg/LNS3733972/2023|EPI_ISL_17411298|2023-03-20
hCoV-19/Ireland/G-NVRL-SIRL00015685/2023	EPI_ISL_17415429	2023-03-21	Europe / Ireland / Galway	Human	Original	Oro-Nasopharyngeal swab		Oxford Nanopore MinION	ARTIC v3 Protocol	Gap of 27 nucleotides when compared to the reference WIV04 sequence.	info	CH.1.1.1	GRA	(NSP5_P132H,Spike_N185D,NSP12_G671S,NSP3_G489S,NSP2_A247V,Spike_L24del,NSP4_T327I,Spike_S373P,Spike_N969K,Spike_H655Y,N_R203K,Spike_V213G,Spike_W152R,Spike_G142D,NSP3_Q380K,NSP14_V182I,Spike_A27S,Spike_Q954H,N_P13L,Spike_N501Y,Spike_P25del,N_R32del,NS3_T223I,Spike_T19I,M_Q19E,Spike_N440K,NSP4_T492I,Spike_N460K,Spike_F157L,NSP3_S403L,Spike_K147E,Spike_N679K,Spike_N764K,E_T11A,NSP6_G107del,Spike_Y505H,NSP16_Q28R,Spike_D796Y,N_G204R,Spike_T478K,N_S413R,M_A63T,NSP15_K89R,Spike_R346T,Spike_S371F,NSP4_S481L,Spike_G257S,NSP13_R392C,Spike_K417N,Spike_T376A,NSP6_S106del,Spike_I210V,Spike_R408S,NSP4_L438F,Spike_F486S,Spike_G339H,NSP14_I42V,NSP4_L264F,Spike_P681H,NSP3_T24I,N_S33del,NSP1_S135R,Spike_S375F,Spike_D405N,Spike_Q498R,Spike_G446S,NSP13_R579K,Spike_S477N,N_E31del,NSP15_T112I,NSP6_F108del,NSP3_T626N,Spike_E484A,E_T9I,Spike_K444T,Spike_P26del,NSP12_P323L,Spike_D614G,Spike_L452R,NSP8_N118S,NSP3_P822S)	Europe	Ireland	Galway		53.2744122	-9.0490601	hCoV-19/Ireland/G-NVRL-SIRL00015685/2023|EPI_ISL_17415429|2023-03-21
hCoV-19/Ireland/KE-NVRL-SIRL00016451/2023	EPI_ISL_17415432	2023-03-24	Europe / Ireland / Kildare	Human	Original	Oro-Nasopharyngeal swab		Oxford Nanopore MinION	ARTIC v3 Protocol			BA.2	GRA	(NSP5_P132H,Spike_S371F,Spike_V445P,NSP12_G671S,NSP13_R392C,Spike_K417N,Spike_L368I,Spike_S373P,Spike_T376A,Spike_H655Y,N_R203K,Spike_F490S,Spike_F486P,Spike_R408S,Spike_N501Y,Spike_G339H,Spike_P681H,NSP4_L264F,NSP3_T24I,Spike_N440K,NSP1_S135R,Spike_S375F,Spike_N460K,Spike_D405N,Spike_Q498R,Spike_G446S,Spike_N679K,Spike_S477N,Spike_Y505H,NSP4_L18F,Spike_E484A,N_G204R,Spike_T478K,N_S413R,NSP1_K47R,NSP9_T35I,Spike_D614G,Spike_R346T)	Europe	Ireland	Kildare		53.15436455	-6.8184175660976445	hCoV-19/Ireland/KE-NVRL-SIRL00016451/2023|EPI_ISL_17415432|2023-03-24
hCoV-19/Ireland/LK-NVRL-SIRL00016506/2023	EPI_ISL_17415464	2023-03-24	Europe / Ireland / Limerick	Human	Original	Oro-Nasopharyngeal swab		Oxford Nanopore MinION	ARTIC v3 Protocol	NS8_G8stop results in 94.2% truncation of the protein sequence. Gap of 12 nucleotides when compared to the reference WIV04 sequence.	info	Unassigned	GRA	(Spike_S371F,N_R203M,NSP12_G671S,Spike_K417N,Spike_S373P,Spike_T376A,Spike_N969K,Spike_H655Y,NS8_G8stop,Spike_G142D,Spike_Q954H,Spike_F486P,N_P13L,Spike_R408S,Spike_N501Y,N_R32del,Spike_P25S,Spike_T19I,Spike_P681H,Spike_Y144del,NSP3_T24I,Spike_N440K,N_S33del,NSP1_S135R,NSP4_T492I,Spike_S375F,Spike_D405N,Spike_Q498R,Spike_G446S,Spike_N679K,Spike_N764K,Spike_S477N,Spike_Y505H,N_E31del,Spike_K1045R,Spike_D796Y,Spike_E484A,Spike_T478K,NSP12_P323L,Spike_D614G)	Europe	Ireland	Limerick		52.661252	-8.6301239	hCoV-19/Ireland/LK-NVRL-SIRL00016506/2023|EPI_ISL_17415464|2023-03-24
hCoV-19/Ireland/LS-NVRL-SIRL00016621/2023	EPI_ISL_17415481	2023-03-24	Europe / Ireland / Laois	Human	Original	Oro-Nasopharyngeal swab		Oxford Nanopore MinION	ARTIC v3 Protocol	Gap of 27 nucleotides when compared to the reference WIV04 sequence.	info	CH.1.1.5	GRA	(NSP5_P132H,NSP16_S33G,NSP12_G671S,NSP3_G489S,Spike_L24del,NSP4_T327I,Spike_S373P,Spike_N969K,Spike_H655Y,N_R203K,Spike_V213G,Spike_W152R,Spike_G142D,NSP3_Q380K,NSP14_V182I,Spike_A27S,Spike_Q954H,NSP15_S147I,N_P13L,Spike_N501Y,Spike_P25del,N_R32del,NS3_T223I,Spike_T19I,N_T271I,M_Q19E,Spike_N440K,NSP4_T492I,Spike_N460K,Spike_F157L,NSP3_S403L,Spike_K147E,Spike_N679K,Spike_N764K,E_T11A,NSP6_G107del,Spike_Y505H,NSP16_Q28R,Spike_D796Y,N_G204R,Spike_T478K,N_S413R,M_A63T,Spike_R346T,Spike_S371F,Spike_G257S,NSP13_R392C,Spike_K417N,Spike_T376A,NSP6_S106del,Spike_I210V,Spike_R408S,NSP4_L438F,Spike_F486S,Spike_G339H,NSP14_I42V,NSP4_L264F,Spike_P681H,NSP3_T24I,N_S33del,NSP1_S135R,Spike_S375F,Spike_D405N,Spike_Q498R,Spike_G446S,Spike_S477N,NS3_R134H,N_E31del,NSP15_T112I,NSP6_F108del,Spike_E484A,E_T9I,Spike_K444T,Spike_P26del,NSP12_P323L,Spike_D614G,Spike_L452R,NSP8_N118S,NSP3_P822S)	Europe	Ireland	Laois		52.9984575	-7.398033775032418	hCoV-19/Ireland/LS-NVRL-SIRL00016621/2023|EPI_ISL_17415481|2023-03-24
hCoV-19/Ireland/WD-NVRL-SIRL00016628/2023	EPI_ISL_17415528	2023-03-24	Europe / Ireland / Waterford	Human	Original	Oro-Nasopharyngeal swab		Oxford Nanopore MinION	ARTIC v3 Protocol	Gap of 27 nucleotides when compared to the reference WIV04 sequence.	info	CH.1.1.1	GRA	(NSP5_P132H,Spike_N185D,NSP12_G671S,NSP3_G489S,NSP2_A247V,Spike_L176F,Spike_L24del,NSP4_T327I,Spike_S373P,Spike_N969K,Spike_H655Y,N_R203K,Spike_V213G,Spike_W152R,Spike_G142D,NSP3_Q380K,NSP14_V182I,Spike_A27S,Spike_Q954H,N_P13L,Spike_N501Y,Spike_P25del,N_R32del,NS3_T223I,NS3_A110V,Spike_T19I,M_Q19E,Spike_N440K,NSP4_T492I,Spike_N460K,Spike_F157L,NSP3_S403L,Spike_K147E,Spike_N679K,Spike_N764K,E_T11A,NSP6_G107del,Spike_Y505H,NSP16_Q28R,Spike_D796Y,N_G204R,Spike_T478K,N_S413R,M_A63T,NSP15_K89R,Spike_R346T,Spike_S371F,Spike_G257S,NSP13_R392C,Spike_K417N,Spike_T376A,NSP6_S106del,NSP3_E1073D,Spike_I210V,Spike_R408S,NSP4_L438F,Spike_F486S,Spike_G339H,NSP14_I42V,NSP4_L264F,Spike_P681H,NSP3_T24I,N_S33del,NSP1_S135R,Spike_S375F,Spike_D405N,Spike_Q613H,Spike_Q498R,Spike_G446S,N_T265I,Spike_S477N,N_E31del,NSP2_T422I,NSP15_T112I,NSP6_F108del,Spike_E484A,E_T9I,Spike_K444T,Spike_P26del,NSP12_P323L,Spike_D614G,Spike_L452R,NSP8_N118S,NSP3_P822S)	Europe	Ireland	Waterford		52.2609997	-7.1119081	hCoV-19/Ireland/WD-NVRL-SIRL00016628/2023|EPI_ISL_17415528|2023-03-24
hCoV-19/Ireland/WX-NVRL-SIRL00016738/2023	EPI_ISL_17415547	2023-03-25	Europe / Ireland / Wexford	Human	Original	Oro-Nasopharyngeal swab		Oxford Nanopore MinION	ARTIC v3 Protocol	NS8_G8stop results in 94.2% truncation of the protein sequence. Gap of 12 nucleotides when compared to the reference WIV04 sequence.	info	BA.2	GRA	(NSP3_P968L,NSP3_G489S,NSP4_T327I,Spike_N969K,NS8_G8stop,N_R203K,Spike_G142D,Spike_Q954H,N_P13L,N_R32del,NSP4_L438F,Spike_V213E,Spike_G339H,NS3_T223I,Spike_T19I,NSP14_I42V,NSP4_L264F,Spike_P681H,Spike_Y144del,Spike_H146Q,Spike_V83A,M_Q19E,N_S33del,NSP4_T492I,NSP13_S36P,Spike_Q183E,Spike_N679K,Spike_N764K,E_T11A,N_E31del,NSP15_T112I,Spike_D796Y,N_G204R,E_T9I,M_A63T,NSP14_S137G,NSP12_P323L,Spike_G252V)	Europe	Ireland	Wexford		52.46018745	-6.606515459159162	hCoV-19/Ireland/WX-NVRL-SIRL00016738/2023|EPI_ISL_17415547|2023-03-25
hCoV-19/Italy/SIC-AOUP-UNIPA_105350/2023	EPI_ISL_17417969	2023-04-01	Europe / Italy / Sicily	Human	Original	Nasopharyngeal swab		unknown	Consensus	Gap of 27 nucleotides when compared to the reference WIV04 sequence.	info	BM.2	GRA	(NSP5_P132H,NSP12_G671S,NSP3_G489S,Spike_L24del,NSP4_T327I,Spike_S373P,Spike_N969K,Spike_H655Y,N_R203K,Spike_V213G,Spike_W152R,Spike_G142D,NSP14_V182I,Spike_A27S,Spike_Q954H,N_P13L,Spike_P25del,N_R32del,NS3_T223I,Spike_T19I,M_Q19E,Spike_N440K,NSP4_T492I,Spike_N460K,Spike_F157L,Spike_K147E,Spike_N679K,Spike_N764K,E_T11A,NSP6_G107del,Spike_D796Y,N_G204R,N_S413R,M_A63T,Spike_R346T,Spike_S371F,Spike_G257S,Spike_K417N,NSP13_R392C,Spike_T376A,NSP6_S106del,NSP1_H110Y,Spike_I210V,NSP4_L438F,Spike_G339H,NSP14_I42V,NSP4_L264F,Spike_P681H,NSP3_T24I,N_S33del,NSP1_S135R,Spike_S375F,Spike_D405N,Spike_G446S,NSP1_K120N,N_E31del,NSP15_T112I,NSP6_F108del,E_T9I,Spike_P26del,NSP12_P323L,Spike_D614G,NSP8_N118S)	Europe	Italy	Sicily		37.587794	14.155048	hCoV-19/Italy/SIC-AOUP-UNIPA_105350/2023|EPI_ISL_17417969|2023-04-01
hCoV-19/Romania/IS-CNMMI-548819/2023	EPI_ISL_17419328	2023-03-21	Europe / Romania / Iasi	Human	Original	Oropharyngeal swab		Illumina MiSeq	bwa	Gap of 27 nucleotides when compared to the reference WIV04 sequence.	info	BQ.1.1.9	GRA	(NSP5_P132H,NSP3_G489S,Spike_L24del,NSP4_T327I,Spike_S373P,Spike_N969K,Spike_H655Y,N_R203K,Spike_V213G,Spike_G142D,Spike_A27S,Spike_Q954H,N_P13L,Spike_N501Y,Spike_P25del,N_R32del,NS3_T223I,Spike_T19I,M_Q19E,Spike_N440K,NSP4_T492I,Spike_N460K,N_E136D,M_D3N,Spike_N679K,Spike_N764K,NSP6_G107del,Spike_Y505H,NSP3_T1002A,Spike_D796Y,N_G204R,Spike_T478K,N_S413R,NSP6_L260F,NSP2_T634I,M_A63T,Spike_R346T,NSP2_Q376K,Spike_A520S,Spike_S371F,Spike_K417N,NSP13_R392C,Spike_F486V,Spike_T376A,NSP6_S106del,Spike_G339D,Spike_R408S,NSP14_I42V,NSP4_L264F,Spike_P681H,NSP13_M233I,NSP3_T24I,N_S33del,NSP1_S135R,Spike_S375F,Spike_D405N,N_A311T,Spike_Q498R,Spike_S477N,Spike_Y248D,N_E31del,NSP12_Y273H,NSP15_T112I,NSP6_F108del,Spike_E484A,E_T9I,Spike_K444T,Spike_P26del,NSP12_P323L,Spike_D614G,Spike_L452R)	Europe	Romania	Iasi		47.1615416	27.5837224	hCoV-19/Romania/IS-CNMMI-548819/2023|EPI_ISL_17419328|2023-03-21
