Accession ID	Collection date	Submission date	Location
EPI_ISL_17276499	2023-03-20	2023-03-23	Europe / Belgium / Limburg
EPI_ISL_17276500	2023-03-20	2023-03-23	Europe / Belgium / Limburg
EPI_ISL_17276501	2023-03-20	2023-03-23	Europe / Belgium / Limburg
EPI_ISL_17276505	2023-03-20	2023-03-23	Europe / Belgium / Limburg
EPI_ISL_17276508	2023-03-20	2023-03-23	Europe / Belgium / Limburg
EPI_ISL_17276512	2023-03-20	2023-03-23	Europe / Belgium / Limburg
EPI_ISL_17285457	2023-03-20	2023-03-24	Europe / Italy / Umbria
EPI_ISL_17297216	2023-03-20	2023-03-27	Europe / Germany / Lower Saxony
EPI_ISL_17297543	2023-03-20	2023-03-27	Europe / Poland / Lodzkie / Lodz
EPI_ISL_17308750	2023-03-22	2023-03-28	Europe / Spain / Catalunya / Mataro
EPI_ISL_17315078	2023-03-20	2023-03-28	Europe / Denmark / Syddanmark
EPI_ISL_17315520	2023-03-22	2023-03-28	Europe / Denmark / Sjaelland
EPI_ISL_17315522	2023-03-20	2023-03-28	Europe / Denmark / Sjaelland
EPI_ISL_17315540	2023-03-20	2023-03-28	Europe / Denmark / Midtjylland
EPI_ISL_17315782	2023-03-22	2023-03-28	Europe / Denmark / Hovedstaden
EPI_ISL_17324475	2023-03-21	2023-03-29	Europe / Austria / Tyrol
EPI_ISL_17325801	2023-03-20	2023-03-29	Europe / Ireland / Dublin
EPI_ISL_17328449	2023-03-20	2023-03-29	Europe / Austria / Vienna
EPI_ISL_17328451	2023-03-20	2023-03-29	Europe / Austria / Vienna
EPI_ISL_17328453	2023-03-20	2023-03-29	Europe / Austria / Vienna
EPI_ISL_17328456	2023-03-20	2023-03-29	Europe / Austria / Vienna
EPI_ISL_17328487	2023-03-20	2023-03-29	Europe / Austria / Vienna
EPI_ISL_17328762	2023-03-21	2023-03-29	Europe / Spain / Andalusia / Sevilla
EPI_ISL_17328763	2023-03-21	2023-03-29	Europe / Spain / Andalusia / Sevilla
EPI_ISL_17328767	2023-03-20	2023-03-29	Europe / Spain / Andalusia / Sevilla
EPI_ISL_17328770	2023-03-21	2023-03-29	Europe / Spain / Andalusia / Sevilla
EPI_ISL_17328774	2023-03-20	2023-03-29	Europe / Spain / Andalusia / Sevilla
EPI_ISL_17328776	2023-03-21	2023-03-29	Europe / Spain / Andalusia / Sevilla
EPI_ISL_17328777	2023-03-21	2023-03-29	Europe / Spain / Andalusia / Sevilla
EPI_ISL_17342605	2023-03-21	2023-03-29	Europe / Belgium / Luxembourg
EPI_ISL_17344200	2023-03-24	2023-03-30	Europe / Denmark / Hovedstaden
EPI_ISL_17344216	2023-03-22	2023-03-30	Europe / Denmark / Syddanmark
EPI_ISL_17344241	2023-03-24	2023-03-30	Europe / Denmark / Syddanmark
EPI_ISL_17344263	2023-03-23	2023-03-30	Europe / Denmark / Midtjylland
EPI_ISL_17344269	2023-03-24	2023-03-30	Europe / Denmark / Nordjylland
EPI_ISL_17344307	2023-03-25	2023-03-30	Europe / Denmark / Hovedstaden
EPI_ISL_17344312	2023-03-25	2023-03-30	Europe / Denmark / Sjaelland
EPI_ISL_17344320	2023-03-25	2023-03-30	Europe / Denmark / Sjaelland
EPI_ISL_17344390	2023-03-22	2023-03-30	Europe / Denmark / Midtjylland
EPI_ISL_17344418	2023-03-25	2023-03-30	Europe / Denmark / Hovedstaden
EPI_ISL_17344447	2023-03-25	2023-03-30	Europe / Denmark / Hovedstaden
EPI_ISL_17348451	2023-03-26	2023-03-30	Europe / Germany / North Rhine-Westphalia
EPI_ISL_17348452	2023-03-26	2023-03-30	Europe / Germany / North Rhine-Westphalia
EPI_ISL_17348454	2023-03-26	2023-03-30	Europe / Germany / North Rhine-Westphalia
EPI_ISL_17348455	2023-03-26	2023-03-30	Europe / Germany / North Rhine-Westphalia
EPI_ISL_17348457	2023-03-26	2023-03-30	Europe / Germany / North Rhine-Westphalia
EPI_ISL_17348458	2023-03-26	2023-03-30	Europe / Germany / North Rhine-Westphalia
EPI_ISL_17348459	2023-03-26	2023-03-30	Europe / Germany / North Rhine-Westphalia
EPI_ISL_17348461	2023-03-26	2023-03-30	Europe / Germany / North Rhine-Westphalia
EPI_ISL_17348463	2023-03-26	2023-03-30	Europe / Germany / North Rhine-Westphalia
EPI_ISL_17348464	2023-03-26	2023-03-30	Europe / Germany / North Rhine-Westphalia
EPI_ISL_17348465	2023-03-26	2023-03-30	Europe / Germany / North Rhine-Westphalia
EPI_ISL_17348466	2023-03-26	2023-03-30	Europe / Germany / North Rhine-Westphalia
EPI_ISL_17348469	2023-03-26	2023-03-30	Europe / Germany / North Rhine-Westphalia
EPI_ISL_17348470	2023-03-26	2023-03-30	Europe / Germany / North Rhine-Westphalia
EPI_ISL_17348471	2023-03-26	2023-03-30	Europe / Germany / North Rhine-Westphalia
EPI_ISL_17348472	2023-03-26	2023-03-30	Europe / Germany / North Rhine-Westphalia
EPI_ISL_17348477	2023-03-26	2023-03-30	Europe / Germany / North Rhine-Westphalia
EPI_ISL_17348478	2023-03-26	2023-03-30	Europe / Germany / North Rhine-Westphalia
EPI_ISL_17348479	2023-03-26	2023-03-30	Europe / Germany / North Rhine-Westphalia
EPI_ISL_17348480	2023-03-26	2023-03-30	Europe / Germany / North Rhine-Westphalia
EPI_ISL_17348481	2023-03-26	2023-03-30	Europe / Germany / North Rhine-Westphalia
EPI_ISL_17348482	2023-03-26	2023-03-30	Europe / Germany / North Rhine-Westphalia
EPI_ISL_17348483	2023-03-26	2023-03-30	Europe / Germany / North Rhine-Westphalia
EPI_ISL_17348484	2023-03-26	2023-03-30	Europe / Germany / North Rhine-Westphalia
EPI_ISL_17348498	2023-03-26	2023-03-30	Europe / Germany / North Rhine-Westphalia
EPI_ISL_17348499	2023-03-26	2023-03-30	Europe / Germany / North Rhine-Westphalia
EPI_ISL_17348501	2023-03-26	2023-03-30	Europe / Germany / North Rhine-Westphalia
EPI_ISL_17348502	2023-03-26	2023-03-30	Europe / Germany / North Rhine-Westphalia
EPI_ISL_17348504	2023-03-26	2023-03-30	Europe / Germany / North Rhine-Westphalia
EPI_ISL_17348506	2023-03-26	2023-03-30	Europe / Germany / North Rhine-Westphalia
EPI_ISL_17348507	2023-03-26	2023-03-30	Europe / Germany / North Rhine-Westphalia
EPI_ISL_17348510	2023-03-26	2023-03-30	Europe / Germany / North Rhine-Westphalia
EPI_ISL_17348512	2023-03-26	2023-03-30	Europe / Germany / North Rhine-Westphalia
EPI_ISL_17348513	2023-03-26	2023-03-30	Europe / Germany / North Rhine-Westphalia
EPI_ISL_17348515	2023-03-26	2023-03-30	Europe / Germany / North Rhine-Westphalia
EPI_ISL_17348516	2023-03-26	2023-03-30	Europe / Germany / North Rhine-Westphalia
EPI_ISL_17348517	2023-03-26	2023-03-30	Europe / Germany / North Rhine-Westphalia
EPI_ISL_17348518	2023-03-26	2023-03-30	Europe / Germany / North Rhine-Westphalia
EPI_ISL_17349026	2023-03-21	2023-03-30	Europe / Germany / Saxony
EPI_ISL_17349063	2023-03-21	2023-03-30	Europe / Germany / Saxony
EPI_ISL_17349200	2023-03-21	2023-03-30	Europe / Germany / Saxony
EPI_ISL_17349391	2023-03-20	2023-03-30	Europe / Germany / Baden-Wurttemberg
EPI_ISL_17350373	2023-03-23	2023-03-30	Europe / Italy
EPI_ISL_17351925	2023-03-21	2023-03-30	Europe / Belgium / Namur
EPI_ISL_17351928	2023-03-21	2023-03-30	Europe / Belgium / Namur
EPI_ISL_17353014	2023-03-27	2023-03-30	Europe / Belgium / Limburg
EPI_ISL_17353022	2023-03-21	2023-03-30	Europe / Belgium / Limburg
EPI_ISL_17360320	2023-03-24	2023-03-31	Europe / Iceland
EPI_ISL_17360484	2023-03-20	2023-03-31	Europe / Ireland / Dublin
EPI_ISL_17360621	2023-03-20	2023-03-31	Europe / Austria / Vienna
EPI_ISL_17364599	2023-03-20	2023-03-31	Europe / Austria / Vienna
EPI_ISL_17364634	2023-03-20	2023-03-31	Europe / Austria / Vienna
EPI_ISL_17364638	2023-03-20	2023-03-31	Europe / Austria / Vienna
EPI_ISL_17364639	2023-03-20	2023-03-31	Europe / Austria / Vienna
EPI_ISL_17364644	2023-03-20	2023-03-31	Europe / Austria / Vienna
EPI_ISL_17364646	2023-03-20	2023-03-31	Europe / Austria / Vienna
EPI_ISL_17364681	2023-03-20	2023-03-31	Europe / Austria / Vienna
EPI_ISL_17364683	2023-03-20	2023-03-31	Europe / Austria / Vienna
EPI_ISL_17364688	2023-03-20	2023-03-31	Europe / Austria / Vienna
EPI_ISL_17364702	2023-03-20	2023-03-31	Europe / Austria / Vienna
EPI_ISL_17365666	2023-03-21	2023-03-31	Europe / Sweden / Uppsala
EPI_ISL_17365667	2023-03-20	2023-03-31	Europe / Sweden / Uppsala
EPI_ISL_17365678	2023-03-21	2023-03-31	Europe / Sweden / Uppsala
EPI_ISL_17371689	2023-03-20	2023-04-01	Europe / Austria / Carinthia
EPI_ISL_17371700	2023-03-21	2023-04-01	Europe / Austria / Carinthia
EPI_ISL_17371703	2023-03-21	2023-04-01	Europe / Austria / Carinthia
EPI_ISL_17371714	2023-03-20	2023-04-01	Europe / Austria / Carinthia
EPI_ISL_17371722	2023-03-21	2023-04-01	Europe / Austria / Carinthia
EPI_ISL_17371723	2023-03-21	2023-04-01	Europe / Austria / Carinthia
EPI_ISL_17371734	2023-03-21	2023-04-01	Europe / Austria / Carinthia
EPI_ISL_17371740	2023-03-21	2023-04-01	Europe / Austria / Carinthia
EPI_ISL_17371761	2023-03-21	2023-04-01	Europe / Austria / Carinthia
EPI_ISL_17371787	2023-03-21	2023-04-01	Europe / Austria / Carinthia
EPI_ISL_17371793	2023-03-21	2023-04-01	Europe / Austria / Carinthia
EPI_ISL_17371809	2023-03-20	2023-04-01	Europe / Austria / Carinthia
EPI_ISL_17371812	2023-03-21	2023-04-01	Europe / Austria / Carinthia
EPI_ISL_17371816	2023-03-21	2023-04-01	Europe / Austria / Carinthia
EPI_ISL_17371825	2023-03-20	2023-04-01	Europe / Austria / Carinthia
EPI_ISL_17371829	2023-03-21	2023-04-01	Europe / Austria / Carinthia
EPI_ISL_17371835	2023-03-21	2023-04-01	Europe / Austria / Carinthia
EPI_ISL_17371871	2023-03-20	2023-04-01	Europe / Austria / Carinthia
EPI_ISL_17371879	2023-03-22	2023-04-01	Europe / Austria / Carinthia
EPI_ISL_17375890	2023-03-27	2023-04-03	Europe / Poland / Wielkopolskie / Poznanski
EPI_ISL_17375893	2023-03-27	2023-04-03	Europe / Poland / Wielkopolskie / Poznanski
EPI_ISL_17375910	2023-03-29	2023-04-03	Europe / Italy / Lombardy
EPI_ISL_17381043	2023-03-20	2023-04-03	Europe / United Kingdom / England
EPI_ISL_17381364	2023-03-20	2023-04-03	Europe / United Kingdom / England
EPI_ISL_17381411	2023-03-20	2023-04-03	Europe / United Kingdom / England
EPI_ISL_17381439	2023-03-20	2023-04-03	Europe / United Kingdom / England
EPI_ISL_17381451	2023-03-20	2023-04-03	Europe / United Kingdom / England
EPI_ISL_17381587	2023-03-20	2023-04-03	Europe / United Kingdom / England
EPI_ISL_17381588	2023-03-21	2023-04-03	Europe / United Kingdom / England
EPI_ISL_17381596	2023-03-20	2023-04-03	Europe / United Kingdom / England
EPI_ISL_17381791	2023-03-20	2023-04-03	Europe / United Kingdom / England
EPI_ISL_17381841	2023-03-20	2023-04-03	Europe / United Kingdom / England
EPI_ISL_17381882	2023-03-20	2023-04-03	Europe / United Kingdom / England
EPI_ISL_17381906	2023-03-22	2023-04-03	Europe / United Kingdom / England
EPI_ISL_17381908	2023-03-21	2023-04-03	Europe / United Kingdom / England
EPI_ISL_17381911	2023-03-22	2023-04-03	Europe / United Kingdom / England
EPI_ISL_17381912	2023-03-22	2023-04-03	Europe / United Kingdom / England
EPI_ISL_17381914	2023-03-21	2023-04-03	Europe / United Kingdom / England
EPI_ISL_17381915	2023-03-20	2023-04-03	Europe / United Kingdom / England
EPI_ISL_17381917	2023-03-21	2023-04-03	Europe / United Kingdom / England
EPI_ISL_17381927	2023-03-20	2023-04-03	Europe / United Kingdom / England
EPI_ISL_17381928	2023-03-20	2023-04-03	Europe / United Kingdom / England
EPI_ISL_17381936	2023-03-21	2023-04-03	Europe / United Kingdom / England
EPI_ISL_17381941	2023-03-21	2023-04-03	Europe / United Kingdom / England
EPI_ISL_17381943	2023-03-21	2023-04-03	Europe / United Kingdom / England
EPI_ISL_17381945	2023-03-22	2023-04-03	Europe / United Kingdom / England
EPI_ISL_17381954	2023-03-21	2023-04-03	Europe / United Kingdom / England
EPI_ISL_17381992	2023-03-20	2023-04-03	Europe / United Kingdom / England
EPI_ISL_17382002	2023-03-20	2023-04-03	Europe / United Kingdom / England
EPI_ISL_17382004	2023-03-21	2023-04-03	Europe / United Kingdom / England
EPI_ISL_17382007	2023-03-21	2023-04-03	Europe / United Kingdom / England
EPI_ISL_17383092	2023-03-22	2023-04-03	Europe / Ireland / Dublin
EPI_ISL_17383093	2023-03-22	2023-04-03	Europe / Ireland / Dublin
EPI_ISL_17383094	2023-03-22	2023-04-03	Europe / Ireland / Dublin
EPI_ISL_17383095	2023-03-22	2023-04-03	Europe / Ireland / Dublin
EPI_ISL_17383099	2023-03-22	2023-04-03	Europe / Ireland / Dublin
EPI_ISL_17383105	2023-03-21	2023-04-03	Europe / Ireland / Dublin
EPI_ISL_17383118	2023-03-27	2023-04-03	Europe / Ireland / Dublin
EPI_ISL_17383269	2023-03-20	2023-04-03	Europe / Germany / Saxony-Anhalt
EPI_ISL_17383270	2023-03-20	2023-04-03	Europe / Germany / Saxony-Anhalt
EPI_ISL_17383271	2023-03-22	2023-04-03	Europe / Germany / Saxony-Anhalt
EPI_ISL_17383272	2023-03-24	2023-04-03	Europe / Germany / Saxony-Anhalt
EPI_ISL_17383273	2023-03-27	2023-04-03	Europe / Germany / Saxony-Anhalt
EPI_ISL_17383274	2023-03-27	2023-04-03	Europe / Germany / Saxony-Anhalt
EPI_ISL_17383533	2023-03-21	2023-04-03	Europe / Ireland / Dublin
EPI_ISL_17383740	2023-03-20	2023-04-03	Europe / France / Centre-Val de Loire / Orleans
EPI_ISL_17383741	2023-03-20	2023-04-03	Europe / France / Ile-de-France / Boulogne-Billancourt
EPI_ISL_17383742	2023-03-20	2023-04-03	Europe / France / Hauts-de-France / Ronchin
EPI_ISL_17383758	2023-03-20	2023-04-03	Europe / France / Hauts-de-France / Lille
EPI_ISL_17383759	2023-03-20	2023-04-03	Europe / France / Ile-de-France / Lisses
EPI_ISL_17383762	2023-03-20	2023-04-03	Europe / France / Hauts-de-France / Douai
EPI_ISL_17386227	2023-03-20	2023-04-03	Europe / France / Bretagne / Melesse
EPI_ISL_17386304	2023-03-20	2023-04-03	Europe / France / Ile-de-France / L Isle-Adam
EPI_ISL_17386329	2023-03-20	2023-04-03	Europe / France / Hauts-de-France / Tourcoing
EPI_ISL_17386348	2023-03-20	2023-04-03	Europe / France / Bourgogne-Franche-Comte / Cosne Sur Loire
EPI_ISL_17386351	2023-03-20	2023-04-03	Europe / France / Ile-de-France / Colombes
EPI_ISL_17386410	2023-03-20	2023-04-03	Europe / France / Bretagne / Lannion
EPI_ISL_17386522	2023-03-20	2023-04-03	Europe / France / Pays de la Loire / Chateaubriant
EPI_ISL_17389774	2023-03-27	2023-04-04	Europe / Denmark / Midtjylland
EPI_ISL_17389780	2023-03-21	2023-04-04	Europe / Denmark / Midtjylland
EPI_ISL_17389799	2023-03-23	2023-04-04	Europe / Denmark / Sjaelland
EPI_ISL_17389810	2023-03-23	2023-04-04	Europe / Denmark / Midtjylland
EPI_ISL_17389826	2023-03-22	2023-04-04	Europe / Denmark / Syddanmark
EPI_ISL_17389838	2023-03-23	2023-04-04	Europe / Denmark / Midtjylland
EPI_ISL_17389840	2023-03-23	2023-04-04	Europe / Denmark / Midtjylland
EPI_ISL_17389842	2023-03-21	2023-04-04	Europe / Denmark / Midtjylland
EPI_ISL_17389848	2023-03-28	2023-04-04	Europe / Denmark / Nordjylland
EPI_ISL_17389850	2023-03-27	2023-04-04	Europe / Denmark / Hovedstaden
EPI_ISL_17389853	2023-03-27	2023-04-04	Europe / Denmark / Nordjylland
EPI_ISL_17389876	2023-03-23	2023-04-04	Europe / Denmark / Syddanmark
EPI_ISL_17389882	2023-03-27	2023-04-04	Europe / Denmark / Midtjylland
EPI_ISL_17389890	2023-03-22	2023-04-04	Europe / Denmark / Midtjylland
EPI_ISL_17389903	2023-03-26	2023-04-04	Europe / Denmark / Syddanmark
EPI_ISL_17389909	2023-03-27	2023-04-04	Europe / Denmark / Hovedstaden
EPI_ISL_17389916	2023-03-23	2023-04-04	Europe / Denmark / Midtjylland
EPI_ISL_17389926	2023-03-26	2023-04-04	Europe / Denmark / Midtjylland
EPI_ISL_17389958	2023-03-27	2023-04-04	Europe / Denmark / Midtjylland
EPI_ISL_17389960	2023-03-22	2023-04-04	Europe / Denmark / Syddanmark
EPI_ISL_17389977	2023-03-23	2023-04-04	Europe / Denmark / Syddanmark
EPI_ISL_17389998	2023-03-23	2023-04-04	Europe / Denmark / Sjaelland
EPI_ISL_17390055	2023-03-21	2023-04-04	Europe / Denmark / Midtjylland
EPI_ISL_17390057	2023-03-26	2023-04-04	Europe / Denmark / Midtjylland
EPI_ISL_17390063	2023-03-25	2023-04-04	Europe / Denmark / Midtjylland
EPI_ISL_17390076	2023-03-25	2023-04-04	Europe / Denmark / Midtjylland
EPI_ISL_17390083	2023-03-24	2023-04-04	Europe / Denmark / Midtjylland
EPI_ISL_17390089	2023-03-23	2023-04-04	Europe / Denmark / Sjaelland
EPI_ISL_17390112	2023-03-27	2023-04-04	Europe / Denmark / Midtjylland
EPI_ISL_17390118	2023-03-26	2023-04-04	Europe / Denmark / Midtjylland
EPI_ISL_17390141	2023-03-23	2023-04-04	Europe / Denmark / Nordjylland
EPI_ISL_17390145	2023-03-24	2023-04-04	Europe / Denmark / Midtjylland
EPI_ISL_17390164	2023-03-27	2023-04-04	Europe / Denmark / Midtjylland
EPI_ISL_17390334	2023-03-20	2023-04-03	Europe / Netherlands / Noord-Brabant
EPI_ISL_17390342	2023-03-23	2023-04-03	Europe / Netherlands / Noord-Brabant
EPI_ISL_17390389	2023-03-21	2023-04-04	Europe / United Kingdom / England
EPI_ISL_17390392	2023-03-21	2023-04-04	Europe / United Kingdom / England
EPI_ISL_17390401	2023-03-20	2023-04-04	Europe / United Kingdom / England
EPI_ISL_17390404	2023-03-20	2023-04-04	Europe / United Kingdom / England
EPI_ISL_17390405	2023-03-20	2023-04-04	Europe / United Kingdom / England
EPI_ISL_17390409	2023-03-21	2023-04-04	Europe / United Kingdom / England
EPI_ISL_17390411	2023-03-21	2023-04-04	Europe / United Kingdom / England
EPI_ISL_17390414	2023-03-22	2023-04-04	Europe / United Kingdom / England
EPI_ISL_17390416	2023-03-22	2023-04-04	Europe / United Kingdom / England
EPI_ISL_17390421	2023-03-21	2023-04-04	Europe / United Kingdom / England
EPI_ISL_17390431	2023-03-21	2023-04-04	Europe / United Kingdom / England
EPI_ISL_17390438	2023-03-21	2023-04-04	Europe / United Kingdom / England
EPI_ISL_17390451	2023-03-22	2023-04-04	Europe / United Kingdom / England
EPI_ISL_17390478	2023-03-21	2023-04-04	Europe / United Kingdom / England
EPI_ISL_17390678	2023-03-28	2023-04-04	Europe / Spain / Madrid
EPI_ISL_17394108	2023-03-23	2023-04-04	Europe / Netherlands / Drenthe
EPI_ISL_17394199	2023-03-20	2023-04-04	Europe / Netherlands / Zuid-Holland
EPI_ISL_17397834	2023-03-27	2023-04-05	Europe / Austria / Vorarlberg
EPI_ISL_17397857	2023-03-27	2023-04-05	Europe / Austria / Vorarlberg
EPI_ISL_17397919	2023-03-27	2023-04-05	Europe / Austria / Vienna
EPI_ISL_17397958	2023-03-27	2023-04-05	Europe / Austria / Vienna
EPI_ISL_17397965	2023-03-27	2023-04-05	Europe / Austria / Vienna
EPI_ISL_17398080	2023-03-27	2023-04-05	Europe / Austria / Carinthia
EPI_ISL_17398090	2023-03-28	2023-04-05	Europe / Austria / Carinthia
EPI_ISL_17398096	2023-03-28	2023-04-05	Europe / Austria / Carinthia
EPI_ISL_17398107	2023-03-28	2023-04-05	Europe / Austria / Carinthia
EPI_ISL_17398114	2023-03-28	2023-04-05	Europe / Austria / Carinthia
EPI_ISL_17398124	2023-03-27	2023-04-05	Europe / Austria / Carinthia
EPI_ISL_17398127	2023-03-28	2023-04-05	Europe / Austria / Carinthia
EPI_ISL_17398147	2023-03-27	2023-04-05	Europe / Austria / Carinthia
EPI_ISL_17398186	2023-03-27	2023-04-05	Europe / Austria / Vienna
EPI_ISL_17398195	2023-03-27	2023-04-05	Europe / Austria / Vienna
EPI_ISL_17398198	2023-03-27	2023-04-05	Europe / Austria / Vienna
EPI_ISL_17398204	2023-03-27	2023-04-05	Europe / Austria / Vienna
EPI_ISL_17398205	2023-03-27	2023-04-05	Europe / Austria / Vienna
EPI_ISL_17398218	2023-03-27	2023-04-05	Europe / Austria / Vienna
EPI_ISL_17398221	2023-03-27	2023-04-05	Europe / Austria / Vienna
EPI_ISL_17398223	2023-03-27	2023-04-05	Europe / Austria / Vienna
EPI_ISL_17398226	2023-03-27	2023-04-05	Europe / Austria / Vienna
EPI_ISL_17398245	2023-03-27	2023-04-05	Europe / Austria / Vienna
EPI_ISL_17398248	2023-03-27	2023-04-05	Europe / Austria / Vienna
EPI_ISL_17398258	2023-03-27	2023-04-05	Europe / Austria / Vienna
EPI_ISL_17398463	2023-03-22	2023-04-05	Europe / Austria / Burgenland
EPI_ISL_17398471	2023-03-23	2023-04-05	Europe / Austria / Burgenland
EPI_ISL_17398499	2023-03-24	2023-04-05	Europe / Austria / Burgenland
EPI_ISL_17398500	2023-03-24	2023-04-05	Europe / Austria / Burgenland
EPI_ISL_17398505	2023-03-24	2023-04-05	Europe / Austria / Burgenland
EPI_ISL_17398511	2023-03-24	2023-04-05	Europe / Austria / Burgenland
EPI_ISL_17398524	2023-03-25	2023-04-05	Europe / Austria / Burgenland
EPI_ISL_17398528	2023-03-26	2023-04-05	Europe / Austria / Burgenland
EPI_ISL_17398531	2023-03-26	2023-04-05	Europe / Austria / Burgenland
EPI_ISL_17399239	2023-03-21	2023-04-05	Europe / Ireland / Cavan
EPI_ISL_17399243	2023-03-21	2023-04-05	Europe / Ireland / Cork
EPI_ISL_17399253	2023-03-21	2023-04-05	Europe / Ireland / Carlow
EPI_ISL_17399260	2023-03-22	2023-04-05	Europe / Ireland / Dublin
EPI_ISL_17399261	2023-03-22	2023-04-05	Europe / Ireland / Wicklow
EPI_ISL_17399266	2023-03-22	2023-04-05	Europe / Ireland / Westmeath
EPI_ISL_17399274	2023-03-22	2023-04-05	Europe / Ireland / Meath
EPI_ISL_17399280	2023-03-22	2023-04-05	Europe / Ireland / Dublin
EPI_ISL_17399290	2023-03-22	2023-04-05	Europe / Ireland / Dublin
EPI_ISL_17399301	2023-03-22	2023-04-05	Europe / Ireland / Tipperary
EPI_ISL_17399302	2023-03-22	2023-04-05	Europe / Ireland / Kilkenny
EPI_ISL_17399303	2023-03-22	2023-04-05	Europe / Ireland / Dublin
EPI_ISL_17399314	2023-03-25	2023-04-05	Europe / Ireland / Sligo
EPI_ISL_17399317	2023-03-25	2023-04-05	Europe / Ireland / Sligo
EPI_ISL_17399323	2023-03-25	2023-04-05	Europe / Ireland / Meath
EPI_ISL_17399325	2023-03-25	2023-04-05	Europe / Ireland / Carlow
EPI_ISL_17399330	2023-03-25	2023-04-05	Europe / Ireland / Dublin
EPI_ISL_17400218	2023-03-28	2023-04-05	Europe / Austria / Salzburg
EPI_ISL_17400290	2023-03-29	2023-04-05	Europe / Austria / Salzburg
EPI_ISL_17400680	2023-03-21	2023-04-05	Europe / United Kingdom / England
EPI_ISL_17400809	2023-03-20	2023-04-05	Europe / Austria / Styria
EPI_ISL_17400817	2023-03-22	2023-04-05	Europe / United Kingdom / England
EPI_ISL_17400825	2023-03-22	2023-04-05	Europe / United Kingdom / England
EPI_ISL_17400842	2023-03-22	2023-04-05	Europe / Austria / Styria
EPI_ISL_17400852	2023-03-21	2023-04-05	Europe / United Kingdom / England
EPI_ISL_17400853	2023-03-21	2023-04-05	Europe / United Kingdom / England
EPI_ISL_17401346	2023-03-25	2023-04-05	Europe / Italy / P.A. Bolzano
EPI_ISL_17401349	2023-03-21	2023-04-05	Europe / Italy / P.A. Bolzano
EPI_ISL_17401356	2023-03-27	2023-04-05	Europe / Italy / P.A. Bolzano
EPI_ISL_17401363	2023-03-27	2023-04-05	Europe / Austria / Carinthia
EPI_ISL_17401402	2023-03-27	2023-04-05	Europe / Austria / Carinthia
EPI_ISL_17401404	2023-03-27	2023-04-05	Europe / Austria / Carinthia
EPI_ISL_17401457	2023-03-20	2023-04-05	Europe / Austria / Burgenland
EPI_ISL_17401458	2023-03-20	2023-04-05	Europe / Austria / Burgenland
EPI_ISL_17401463	2023-03-20	2023-04-05	Europe / Austria / Burgenland
EPI_ISL_17401464	2023-03-20	2023-04-05	Europe / Austria / Burgenland
EPI_ISL_17401466	2023-03-20	2023-04-05	Europe / Austria / Burgenland
EPI_ISL_17401469	2023-03-20	2023-04-05	Europe / Austria / Burgenland
EPI_ISL_17401478	2023-03-20	2023-04-05	Europe / Austria / Burgenland
EPI_ISL_17401480	2023-03-20	2023-04-05	Europe / Austria / Burgenland
EPI_ISL_17401481	2023-03-20	2023-04-05	Europe / Austria / Burgenland
EPI_ISL_17401484	2023-03-20	2023-04-05	Europe / Austria / Burgenland
EPI_ISL_17401495	2023-03-21	2023-04-05	Europe / Austria / Burgenland
EPI_ISL_17401497	2023-03-21	2023-04-05	Europe / Austria / Burgenland
EPI_ISL_17406331	2023-03-21	2023-04-06	Europe / Germany / Baden-Wurttemberg
EPI_ISL_17406451	2023-03-21	2023-04-06	Europe / Germany / Baden-Wurttemberg
EPI_ISL_17406503	2023-03-20	2023-04-06	Europe / Germany / Baden-Wurttemberg
EPI_ISL_17406535	2023-03-22	2023-04-06	Europe / Germany / Baden-Wurttemberg
EPI_ISL_17406666	2023-03-20	2023-04-06	Europe / Germany / Baden-Wurttemberg
EPI_ISL_17406709	2023-03-20	2023-04-06	Europe / Germany / Baden-Wurttemberg
EPI_ISL_17406717	2023-03-21	2023-04-06	Europe / Germany / Baden-Wurttemberg
EPI_ISL_17406835	2023-03-23	2023-04-06	Europe / Germany / Baden-Wurttemberg
EPI_ISL_17406837	2023-03-23	2023-04-06	Europe / Germany / Baden-Wurttemberg
EPI_ISL_17406838	2023-03-23	2023-04-06	Europe / Germany / Baden-Wurttemberg
EPI_ISL_17406839	2023-03-23	2023-04-06	Europe / Germany / Baden-Wurttemberg
EPI_ISL_17406840	2023-03-23	2023-04-06	Europe / Germany / Baden-Wurttemberg
EPI_ISL_17406842	2023-03-23	2023-04-06	Europe / Germany / Baden-Wurttemberg
EPI_ISL_17406843	2023-03-23	2023-04-06	Europe / Germany / Baden-Wurttemberg
EPI_ISL_17406845	2023-03-23	2023-04-06	Europe / Germany / Baden-Wurttemberg
EPI_ISL_17406930	2023-03-21	2023-04-06	Europe / Germany / Brandenburg
EPI_ISL_17406931	2023-03-22	2023-04-06	Europe / Germany / Brandenburg
EPI_ISL_17406939	2023-03-20	2023-04-06	Europe / Germany / Brandenburg
EPI_ISL_17407035	2023-03-24	2023-04-06	Europe / Germany / Brandenburg
EPI_ISL_17407049	2023-03-21	2023-04-06	Europe / Germany / Brandenburg
EPI_ISL_17407053	2023-03-21	2023-04-06	Europe / Germany / Brandenburg
EPI_ISL_17407062	2023-03-20	2023-04-06	Europe / Germany / Brandenburg
EPI_ISL_17407067	2023-03-21	2023-04-06	Europe / Germany / Brandenburg
EPI_ISL_17407068	2023-03-22	2023-04-06	Europe / Germany / Brandenburg
EPI_ISL_17407069	2023-03-20	2023-04-06	Europe / Germany / Brandenburg
EPI_ISL_17407542	2023-03-24	2023-04-06	Europe / Germany / North Rhine-Westphalia
EPI_ISL_17407779	2023-03-31	2023-04-06	Europe / Germany / North Rhine-Westphalia
EPI_ISL_17407784	2023-03-31	2023-04-06	Europe / Germany / North Rhine-Westphalia
EPI_ISL_17407785	2023-03-31	2023-04-06	Europe / Germany / North Rhine-Westphalia
EPI_ISL_17407786	2023-03-31	2023-04-06	Europe / Germany / North Rhine-Westphalia
EPI_ISL_17407787	2023-03-31	2023-04-06	Europe / Germany / North Rhine-Westphalia
EPI_ISL_17407788	2023-03-31	2023-04-06	Europe / Germany / North Rhine-Westphalia
EPI_ISL_17407792	2023-03-31	2023-04-06	Europe / Germany / North Rhine-Westphalia
EPI_ISL_17407923	2023-03-28	2023-04-06	Europe / Germany / Baden-Wurttemberg
EPI_ISL_17407924	2023-03-25	2023-04-06	Europe / Germany / Hesse
EPI_ISL_17408029	2023-03-27	2023-04-06	Europe / Germany / Baden-Wurttemberg
EPI_ISL_17408051	2023-03-24	2023-04-06	Europe / Germany / Hesse
EPI_ISL_17408099	2023-03-28	2023-04-06	Europe / Germany / Baden-Wurttemberg
EPI_ISL_17408102	2023-03-27	2023-04-06	Europe / Germany / Baden-Wurttemberg
EPI_ISL_17408106	2023-03-25	2023-04-06	Europe / Germany / Baden-Wurttemberg
EPI_ISL_17408112	2023-03-28	2023-04-06	Europe / Germany / Baden-Wurttemberg
EPI_ISL_17408127	2023-03-24	2023-04-06	Europe / Germany / Thuringia
EPI_ISL_17408129	2023-03-28	2023-04-06	Europe / Germany / Thuringia
EPI_ISL_17408133	2023-03-22	2023-04-06	Europe / Germany / Lower Saxony
EPI_ISL_17408137	2023-03-25	2023-04-06	Europe / Germany / Thuringia
EPI_ISL_17408147	2023-03-27	2023-04-06	Europe / Germany / Lower Saxony
EPI_ISL_17408154	2023-03-24	2023-04-06	Europe / Germany / Lower Saxony
EPI_ISL_17408158	2023-03-27	2023-04-06	Europe / Germany / Baden-Wurttemberg
EPI_ISL_17408166	2023-03-27	2023-04-06	Europe / Germany / Lower Saxony
EPI_ISL_17408167	2023-03-27	2023-04-06	Europe / Germany / North Rhine-Westphalia
EPI_ISL_17408195	2023-03-24	2023-04-06	Europe / Germany / Hamburg
EPI_ISL_17408197	2023-03-24	2023-04-06	Europe / Germany / Hamburg
EPI_ISL_17408202	2023-03-24	2023-04-06	Europe / Germany / Hamburg
EPI_ISL_17408209	2023-03-24	2023-04-06	Europe / Germany / Hamburg
EPI_ISL_17408219	2023-03-26	2023-04-06	Europe / Germany / Hamburg
EPI_ISL_17408396	2023-03-25	2023-04-06	Europe / France / Occitanie / Haute-Garonne
EPI_ISL_17409335	2023-03-23	2023-04-06	Europe / United Kingdom / England
EPI_ISL_17409337	2023-03-23	2023-04-06	Europe / United Kingdom / England
EPI_ISL_17409338	2023-03-22	2023-04-06	Europe / United Kingdom / England
EPI_ISL_17409339	2023-03-22	2023-04-06	Europe / United Kingdom / England
EPI_ISL_17409344	2023-03-22	2023-04-06	Europe / United Kingdom / England
EPI_ISL_17409348	2023-03-21	2023-04-06	Europe / United Kingdom / England
EPI_ISL_17409350	2023-03-21	2023-04-06	Europe / United Kingdom / England
EPI_ISL_17409352	2023-03-21	2023-04-06	Europe / United Kingdom / England
EPI_ISL_17409357	2023-03-22	2023-04-06	Europe / United Kingdom / England
EPI_ISL_17409359	2023-03-22	2023-04-06	Europe / United Kingdom / England
EPI_ISL_17409360	2023-03-22	2023-04-06	Europe / United Kingdom / England
EPI_ISL_17409364	2023-03-22	2023-04-06	Europe / United Kingdom / England
EPI_ISL_17409366	2023-03-21	2023-04-06	Europe / United Kingdom / England
EPI_ISL_17409367	2023-03-21	2023-04-06	Europe / United Kingdom / England
EPI_ISL_17409369	2023-03-20	2023-04-06	Europe / United Kingdom / England
EPI_ISL_17409371	2023-03-23	2023-04-06	Europe / United Kingdom / England
EPI_ISL_17409372	2023-03-20	2023-04-06	Europe / United Kingdom / England
EPI_ISL_17409374	2023-03-21	2023-04-06	Europe / United Kingdom / England
EPI_ISL_17409375	2023-03-21	2023-04-06	Europe / United Kingdom / England
EPI_ISL_17409379	2023-03-21	2023-04-06	Europe / United Kingdom / England
EPI_ISL_17409387	2023-03-22	2023-04-06	Europe / United Kingdom / England
EPI_ISL_17409389	2023-03-22	2023-04-06	Europe / United Kingdom / England
EPI_ISL_17409390	2023-03-22	2023-04-06	Europe / United Kingdom / England
EPI_ISL_17409394	2023-03-23	2023-04-06	Europe / United Kingdom / England
EPI_ISL_17409395	2023-03-22	2023-04-06	Europe / United Kingdom / England
EPI_ISL_17409401	2023-03-22	2023-04-06	Europe / United Kingdom / England
EPI_ISL_17409407	2023-03-22	2023-04-06	Europe / United Kingdom / England
EPI_ISL_17409408	2023-03-22	2023-04-06	Europe / United Kingdom / England
EPI_ISL_17409411	2023-03-22	2023-04-06	Europe / United Kingdom / England
EPI_ISL_17409414	2023-03-22	2023-04-06	Europe / United Kingdom / England
EPI_ISL_17409416	2023-03-23	2023-04-06	Europe / United Kingdom / England
EPI_ISL_17409417	2023-03-23	2023-04-06	Europe / United Kingdom / England
EPI_ISL_17409419	2023-03-22	2023-04-06	Europe / United Kingdom / England
EPI_ISL_17409422	2023-03-23	2023-04-06	Europe / United Kingdom / England
EPI_ISL_17409423	2023-03-22	2023-04-06	Europe / United Kingdom / England
EPI_ISL_17409424	2023-03-22	2023-04-06	Europe / United Kingdom / England
EPI_ISL_17409430	2023-03-21	2023-04-06	Europe / United Kingdom / England
EPI_ISL_17409433	2023-03-21	2023-04-06	Europe / United Kingdom / England
EPI_ISL_17409434	2023-03-21	2023-04-06	Europe / United Kingdom / England
EPI_ISL_17409689	2023-03-27	2023-04-06	Europe / Austria / Carinthia
EPI_ISL_17409693	2023-03-28	2023-04-06	Europe / Austria / Carinthia
EPI_ISL_17409695	2023-03-27	2023-04-06	Europe / Austria / Carinthia
EPI_ISL_17409710	2023-03-28	2023-04-06	Europe / Austria / Carinthia
EPI_ISL_17409716	2023-03-27	2023-04-06	Europe / Austria / Carinthia
EPI_ISL_17409719	2023-03-28	2023-04-06	Europe / Austria / Vienna
EPI_ISL_17409723	2023-03-27	2023-04-06	Europe / Austria / Vienna
EPI_ISL_17409724	2023-03-24	2023-04-06	Europe / Austria / Vienna
EPI_ISL_17409725	2023-03-24	2023-04-06	Europe / Austria / Vienna
EPI_ISL_17409726	2023-03-28	2023-04-06	Europe / Austria / Vienna
EPI_ISL_17409733	2023-03-28	2023-04-06	Europe / Austria / Vienna
EPI_ISL_17409758	2023-03-27	2023-04-06	Europe / Austria / Vienna
EPI_ISL_17409759	2023-03-27	2023-04-06	Europe / Austria / Vienna
EPI_ISL_17409775	2023-03-28	2023-04-06	Europe / Austria / Vienna
EPI_ISL_17409783	2023-03-27	2023-04-06	Europe / Austria / Vienna
EPI_ISL_17409784	2023-03-27	2023-04-06	Europe / Austria / Vienna
EPI_ISL_17409786	2023-03-24	2023-04-06	Europe / Austria / Vienna
EPI_ISL_17409792	2023-03-28	2023-04-06	Europe / Austria / Vienna
EPI_ISL_17409793	2023-03-28	2023-04-06	Europe / Austria / Vienna
EPI_ISL_17409794	2023-03-28	2023-04-06	Europe / Austria / Vienna
EPI_ISL_17409795	2023-03-28	2023-04-06	Europe / Austria / Vienna
EPI_ISL_17409800	2023-03-24	2023-04-06	Europe / Austria / Vienna
EPI_ISL_17409812	2023-03-24	2023-04-06	Europe / Austria / Vienna
EPI_ISL_17411206	2023-03-27	2023-04-06	Europe / Austria / Tyrol
EPI_ISL_17411217	2023-03-27	2023-04-06	Europe / Austria / Tyrol
EPI_ISL_17411218	2023-03-27	2023-04-06	Europe / Austria / Tyrol
EPI_ISL_17411226	2023-03-27	2023-04-06	Europe / Austria / Tyrol
EPI_ISL_17411228	2023-03-27	2023-04-06	Europe / Austria / Tyrol
EPI_ISL_17411230	2023-03-27	2023-04-06	Europe / Austria / Tyrol
EPI_ISL_17411232	2023-03-27	2023-04-06	Europe / Austria / Tyrol
EPI_ISL_17411298	2023-03-20	2023-04-06	Europe / Luxembourg
EPI_ISL_17411354	2023-03-20	2023-04-06	Europe / Luxembourg
EPI_ISL_17411355	2023-03-24	2023-04-06	Europe / Luxembourg
EPI_ISL_17415370	2023-03-20	2023-04-07	Europe / Ireland / Carlow
EPI_ISL_17415429	2023-03-21	2023-04-07	Europe / Ireland / Galway
EPI_ISL_17415432	2023-03-24	2023-04-07	Europe / Ireland / Kildare
EPI_ISL_17415433	2023-03-24	2023-04-07	Europe / Ireland / Kildare
EPI_ISL_17415450	2023-03-24	2023-04-07	Europe / Ireland / Kilkenny
EPI_ISL_17415464	2023-03-24	2023-04-07	Europe / Ireland / Limerick
EPI_ISL_17415481	2023-03-24	2023-04-07	Europe / Ireland / Laois
EPI_ISL_17415490	2023-03-23	2023-04-07	Europe / Ireland / Meath
EPI_ISL_17415492	2023-03-24	2023-04-07	Europe / Ireland / Meath
EPI_ISL_17415523	2023-03-20	2023-04-07	Europe / Ireland / Tipperary
EPI_ISL_17415528	2023-03-24	2023-04-07	Europe / Ireland / Waterford
EPI_ISL_17415547	2023-03-25	2023-04-07	Europe / Ireland / Wexford
EPI_ISL_17415549	2023-03-23	2023-04-07	Europe / Ireland / Wexford
EPI_ISL_17416705	2023-03-25	2023-04-07	Europe / United Kingdom / England
EPI_ISL_17416708	2023-03-24	2023-04-07	Europe / United Kingdom / England
EPI_ISL_17416710	2023-03-25	2023-04-07	Europe / United Kingdom / England
EPI_ISL_17416714	2023-03-24	2023-04-07	Europe / United Kingdom / England
EPI_ISL_17416715	2023-03-25	2023-04-07	Europe / United Kingdom / England
EPI_ISL_17416716	2023-03-25	2023-04-07	Europe / United Kingdom / England
EPI_ISL_17416719	2023-03-24	2023-04-07	Europe / United Kingdom / England
EPI_ISL_17416721	2023-03-23	2023-04-07	Europe / United Kingdom / England
EPI_ISL_17416722	2023-03-24	2023-04-07	Europe / United Kingdom / England
EPI_ISL_17416723	2023-03-24	2023-04-07	Europe / United Kingdom / England
EPI_ISL_17416750	2023-03-23	2023-04-07	Europe / United Kingdom / England
EPI_ISL_17416771	2023-03-20	2023-04-07	Europe / United Kingdom / England
EPI_ISL_17416774	2023-03-21	2023-04-07	Europe / United Kingdom / England
EPI_ISL_17416776	2023-03-21	2023-04-07	Europe / United Kingdom / England
EPI_ISL_17416777	2023-03-22	2023-04-07	Europe / United Kingdom / England
EPI_ISL_17416779	2023-03-24	2023-04-07	Europe / United Kingdom / England
EPI_ISL_17416780	2023-03-26	2023-04-07	Europe / United Kingdom / England
EPI_ISL_17416782	2023-03-23	2023-04-07	Europe / United Kingdom / England
EPI_ISL_17416790	2023-03-24	2023-04-07	Europe / United Kingdom / England
EPI_ISL_17416793	2023-03-21	2023-04-07	Europe / United Kingdom / England
EPI_ISL_17416849	2023-03-23	2023-04-07	Europe / United Kingdom / England
EPI_ISL_17416867	2023-03-25	2023-04-07	Europe / United Kingdom / England
EPI_ISL_17416894	2023-03-24	2023-04-07	Europe / United Kingdom / England
EPI_ISL_17416911	2023-03-25	2023-04-07	Europe / United Kingdom / England
EPI_ISL_17416920	2023-03-24	2023-04-07	Europe / United Kingdom / England
EPI_ISL_17416921	2023-03-22	2023-04-07	Europe / United Kingdom / England
EPI_ISL_17416929	2023-03-21	2023-04-07	Europe / United Kingdom / England
EPI_ISL_17416946	2023-03-24	2023-04-07	Europe / United Kingdom / England
EPI_ISL_17416949	2023-03-24	2023-04-07	Europe / United Kingdom / England
EPI_ISL_17416961	2023-03-24	2023-04-07	Europe / United Kingdom / England
EPI_ISL_17416966	2023-03-21	2023-04-07	Europe / United Kingdom / England
EPI_ISL_17416973	2023-03-20	2023-04-07	Europe / United Kingdom / England
EPI_ISL_17416977	2023-03-20	2023-04-07	Europe / United Kingdom / England
EPI_ISL_17416983	2023-03-24	2023-04-07	Europe / United Kingdom / England
EPI_ISL_17416990	2023-03-22	2023-04-07	Europe / United Kingdom / England
EPI_ISL_17416992	2023-03-22	2023-04-07	Europe / United Kingdom / England
EPI_ISL_17416993	2023-03-24	2023-04-07	Europe / United Kingdom / England
EPI_ISL_17416995	2023-03-24	2023-04-07	Europe / United Kingdom / England
EPI_ISL_17416998	2023-03-25	2023-04-07	Europe / United Kingdom / England
EPI_ISL_17417030	2023-03-21	2023-04-07	Europe / United Kingdom / England
EPI_ISL_17417031	2023-03-25	2023-04-07	Europe / United Kingdom / England
EPI_ISL_17417033	2023-03-25	2023-04-07	Europe / United Kingdom / England
EPI_ISL_17417035	2023-03-25	2023-04-07	Europe / United Kingdom / England
EPI_ISL_17417036	2023-03-26	2023-04-07	Europe / United Kingdom / England
EPI_ISL_17417038	2023-03-22	2023-04-07	Europe / United Kingdom / England
EPI_ISL_17417040	2023-03-25	2023-04-07	Europe / United Kingdom / England
EPI_ISL_17417041	2023-03-25	2023-04-07	Europe / United Kingdom / England
EPI_ISL_17417042	2023-03-25	2023-04-07	Europe / United Kingdom / England
EPI_ISL_17417044	2023-03-25	2023-04-07	Europe / United Kingdom / England
EPI_ISL_17417045	2023-03-23	2023-04-07	Europe / United Kingdom / England
EPI_ISL_17417048	2023-03-23	2023-04-07	Europe / United Kingdom / England
EPI_ISL_17417051	2023-03-23	2023-04-07	Europe / United Kingdom / England
EPI_ISL_17417056	2023-03-24	2023-04-07	Europe / United Kingdom / England
EPI_ISL_17417057	2023-03-23	2023-04-07	Europe / United Kingdom / England
EPI_ISL_17417058	2023-03-23	2023-04-07	Europe / United Kingdom / England
EPI_ISL_17417059	2023-03-24	2023-04-07	Europe / United Kingdom / England
EPI_ISL_17417064	2023-03-23	2023-04-07	Europe / United Kingdom / England
EPI_ISL_17417067	2023-03-21	2023-04-07	Europe / United Kingdom / England
EPI_ISL_17417969	2023-04-01	2023-04-07	Europe / Italy / Sicily
EPI_ISL_17417971	2023-03-22	2023-04-07	Europe / Italy / Sicily
EPI_ISL_17418821	2023-03-28	2023-04-07	Europe / Belgium / Namur
EPI_ISL_17419328	2023-03-21	2023-04-07	Europe / Romania / Iasi
EPI_ISL_17426389	2023-03-30	2023-04-10	Europe / Spain / Madrid
EPI_ISL_17426396	2023-03-27	2023-04-10	Europe / United Kingdom / England
EPI_ISL_17426404	2023-03-26	2023-04-10	Europe / United Kingdom / England
EPI_ISL_17426409	2023-03-25	2023-04-10	Europe / United Kingdom / England
EPI_ISL_17426471	2023-03-27	2023-04-10	Europe / United Kingdom / England
EPI_ISL_17426481	2023-03-27	2023-04-10	Europe / United Kingdom / England
EPI_ISL_17426482	2023-03-28	2023-04-10	Europe / United Kingdom / England
EPI_ISL_17426483	2023-03-22	2023-04-10	Europe / United Kingdom / England
EPI_ISL_17426485	2023-03-28	2023-04-10	Europe / United Kingdom / England
EPI_ISL_17426489	2023-03-22	2023-04-10	Europe / United Kingdom / England
EPI_ISL_17426491	2023-03-21	2023-04-10	Europe / United Kingdom / England
EPI_ISL_17426495	2023-03-24	2023-04-10	Europe / United Kingdom / England
EPI_ISL_17426501	2023-03-22	2023-04-10	Europe / United Kingdom / England
EPI_ISL_17426528	2023-03-26	2023-04-10	Europe / United Kingdom / England
EPI_ISL_17426530	2023-03-27	2023-04-10	Europe / United Kingdom / England
EPI_ISL_17426534	2023-03-28	2023-04-10	Europe / United Kingdom / England
EPI_ISL_17426535	2023-03-26	2023-04-10	Europe / United Kingdom / England
EPI_ISL_17426536	2023-03-26	2023-04-10	Europe / United Kingdom / England
EPI_ISL_17426543	2023-03-24	2023-04-10	Europe / United Kingdom / England
EPI_ISL_17426544	2023-03-25	2023-04-10	Europe / United Kingdom / England
EPI_ISL_17426546	2023-03-25	2023-04-10	Europe / United Kingdom / England
EPI_ISL_17426547	2023-03-26	2023-04-10	Europe / United Kingdom / England
EPI_ISL_17426548	2023-03-26	2023-04-10	Europe / United Kingdom / England
EPI_ISL_17426549	2023-03-27	2023-04-10	Europe / United Kingdom / England
EPI_ISL_17426554	2023-03-24	2023-04-10	Europe / United Kingdom / England
EPI_ISL_17426574	2023-03-24	2023-04-10	Europe / United Kingdom / England
EPI_ISL_17426575	2023-03-26	2023-04-10	Europe / United Kingdom / England
EPI_ISL_17426576	2023-03-27	2023-04-10	Europe / United Kingdom / England
EPI_ISL_17426578	2023-03-26	2023-04-10	Europe / United Kingdom / England
EPI_ISL_17426581	2023-03-26	2023-04-10	Europe / United Kingdom / England
EPI_ISL_17426583	2023-03-25	2023-04-10	Europe / United Kingdom / England
EPI_ISL_17426584	2023-03-26	2023-04-10	Europe / United Kingdom / England
EPI_ISL_17426585	2023-03-26	2023-04-10	Europe / United Kingdom / England
EPI_ISL_17426587	2023-03-26	2023-04-10	Europe / United Kingdom / England
EPI_ISL_17426589	2023-03-24	2023-04-10	Europe / United Kingdom / England
EPI_ISL_17426590	2023-03-27	2023-04-10	Europe / United Kingdom / England
EPI_ISL_17426594	2023-03-27	2023-04-10	Europe / United Kingdom / England
EPI_ISL_17426597	2023-03-25	2023-04-10	Europe / United Kingdom / England
EPI_ISL_17426600	2023-03-25	2023-04-10	Europe / United Kingdom / England
EPI_ISL_17426601	2023-03-27	2023-04-10	Europe / United Kingdom / England
EPI_ISL_17426604	2023-03-26	2023-04-10	Europe / United Kingdom / England
EPI_ISL_17426608	2023-03-26	2023-04-10	Europe / United Kingdom / England
EPI_ISL_17426609	2023-03-26	2023-04-10	Europe / United Kingdom / England
EPI_ISL_17426612	2023-03-25	2023-04-10	Europe / United Kingdom / England
EPI_ISL_17426613	2023-03-21	2023-04-10	Europe / United Kingdom / England
EPI_ISL_17426615	2023-03-24	2023-04-10	Europe / United Kingdom / England
EPI_ISL_17426616	2023-03-25	2023-04-10	Europe / United Kingdom / England
EPI_ISL_17426617	2023-03-25	2023-04-10	Europe / United Kingdom / England
EPI_ISL_17426619	2023-03-23	2023-04-10	Europe / United Kingdom / England
EPI_ISL_17426625	2023-03-25	2023-04-10	Europe / United Kingdom / England
EPI_ISL_17426626	2023-03-25	2023-04-10	Europe / United Kingdom / England
EPI_ISL_17426628	2023-03-27	2023-04-10	Europe / United Kingdom / England
EPI_ISL_17426629	2023-03-25	2023-04-10	Europe / United Kingdom / England
EPI_ISL_17426630	2023-03-25	2023-04-10	Europe / United Kingdom / England
EPI_ISL_17426631	2023-03-25	2023-04-10	Europe / United Kingdom / England
EPI_ISL_17426632	2023-03-25	2023-04-10	Europe / United Kingdom / England
EPI_ISL_17426636	2023-03-21	2023-04-10	Europe / United Kingdom / England
EPI_ISL_17426637	2023-03-24	2023-04-10	Europe / United Kingdom / England
EPI_ISL_17426649	2023-03-21	2023-04-10	Europe / United Kingdom / England
EPI_ISL_17426650	2023-03-26	2023-04-10	Europe / United Kingdom / England
EPI_ISL_17426651	2023-03-27	2023-04-10	Europe / United Kingdom / England
EPI_ISL_17426657	2023-03-22	2023-04-10	Europe / United Kingdom / England
EPI_ISL_17426780	2023-03-28	2023-04-10	Europe / United Kingdom / England
